ticker,quarter,total_mentions,avg_sentiment,sum_sentiment,quarter_total_mentions,mention_percentage,weighted_sentiment
ACDC,1999Q1,2,0,0,18,0.111111111,0
ACDC,2000Q3,1,0,0,8,0.125,0
ACDC,2015Q3,1,0,0,95,0.010526316,0
ACDC,2022Q2,3,0,0,131,0.022900763,0
ACDC,2023Q1,1,0,0,151,0.006622517,0
ACDC,2024Q2,1,0,0,102,0.009803922,0
AESI,2019Q3,1,0,0,157,0.006369427,0
AESI,2020Q2,1,0,0,190,0.005263158,0
AESI,2020Q4,1,0,0,180,0.005555556,0
AESI,2021Q3,4,0,0,216,0.018518519,0
AESI,2021Q4,4,0,0,164,0.024390244,0
AESI,2022Q1,2,0.5,1,150,0.013333333,0.013333333
AESI,2022Q4,1,0,0,153,0.006535948,0
AESI,2023Q1,3,0.333333333,1,151,0.01986755,0.01986755
AESI,2024Q4,1,0,0,146,0.006849315,0
APA,1998Q4,4,-0.5,-2,8,0.5,-1
APA,1999Q1,11,0,0,18,0.611111111,0
APA,1999Q2,1,0,0,6,0.166666667,0
APA,1999Q3,4,0,0,14,0.285714286,0
APA,1999Q4,1,0,0,6,0.166666667,0
APA,2000Q1,1,0,0,8,0.125,0
APA,2000Q2,1,0,0,10,0.1,0
APA,2000Q3,1,1,1,8,0.125,0.125
APA,2000Q4,2,0,0,9,0.222222222,0
APA,2001Q1,4,0.5,2,22,0.181818182,0.363636364
APA,2001Q2,1,0,0,11,0.090909091,0
APA,2001Q3,2,-0.5,-1,10,0.2,-0.2
APA,2001Q4,2,0,0,12,0.166666667,0
APA,2002Q1,3,0,0,32,0.09375,0
APA,2002Q2,2,0,0,12,0.166666667,0
APA,2002Q3,1,0,0,8,0.125,0
APA,2002Q4,4,0,0,9,0.444444444,0
APA,2003Q1,1,0,0,3,0.333333333,0
APA,2003Q2,6,-0.166666667,-1,10,0.6,-0.6
APA,2003Q4,1,1,1,11,0.090909091,0.090909091
APA,2004Q1,1,0,0,19,0.052631579,0
APA,2004Q3,2,0.5,1,14,0.142857143,0.142857143
APA,2005Q1,1,0,0,17,0.058823529,0
APA,2005Q2,1,0,0,18,0.055555556,0
APA,2005Q3,1,0,0,6,0.166666667,0
APA,2006Q1,1,0,0,10,0.1,0
APA,2006Q2,2,0,0,16,0.125,0
APA,2006Q3,1,0,0,18,0.055555556,0
APA,2007Q1,3,0,0,9,0.333333333,0
APA,2007Q2,16,0.125,2,23,0.695652174,1.391304348
APA,2007Q4,1,0,0,6,0.166666667,0
APA,2008Q1,2,0,0,10,0.2,0
APA,2008Q2,1,0,0,9,0.111111111,0
APA,2008Q3,1,-2,-2,8,0.125,-0.25
APA,2009Q1,1,-2,-2,19,0.052631579,-0.105263158
APA,2009Q3,4,-0.25,-1,27,0.148148148,-0.148148148
APA,2009Q4,1,0,0,32,0.03125,0
APA,2010Q1,2,0,0,25,0.08,0
APA,2010Q2,5,0.2,1,55,0.090909091,0.090909091
APA,2010Q3,9,-0.222222222,-2,92,0.097826087,-0.195652174
APA,2010Q4,4,0,0,41,0.097560976,0
APA,2011Q1,3,0,0,39,0.076923077,0
APA,2011Q2,5,0.4,2,35,0.142857143,0.285714286
APA,2011Q3,4,0,0,28,0.142857143,0
APA,2011Q4,8,0,0,38,0.210526316,0
APA,2012Q1,7,0,0,48,0.145833333,0
APA,2012Q2,9,-0.111111111,-1,35,0.257142857,-0.257142857
APA,2012Q3,13,-0.076923077,-1,54,0.240740741,-0.240740741
APA,2012Q4,9,-0.111111111,-1,45,0.2,-0.2
APA,2013Q1,1,0,0,68,0.014705882,0
APA,2013Q2,5,-0.6,-3,47,0.106382979,-0.319148936
APA,2013Q3,2,0,0,55,0.036363636,0
APA,2013Q4,4,-0.25,-1,41,0.097560976,-0.097560976
APA,2014Q2,6,0,0,38,0.157894737,0
APA,2014Q3,7,-0.142857143,-1,39,0.179487179,-0.179487179
APA,2014Q4,5,0,0,81,0.061728395,0
APA,2015Q1,5,0,0,73,0.068493151,0
APA,2015Q2,4,-0.25,-1,59,0.06779661,-0.06779661
APA,2015Q3,3,0,0,95,0.031578947,0
APA,2015Q4,2,0,0,74,0.027027027,0
APA,2016Q1,2,0,0,88,0.022727273,0
APA,2016Q2,7,0.142857143,1,90,0.077777778,0.077777778
APA,2016Q3,5,0.2,1,88,0.056818182,0.056818182
APA,2016Q4,6,-0.166666667,-1,73,0.082191781,-0.082191781
APA,2017Q1,8,-0.25,-2,73,0.109589041,-0.219178082
APA,2017Q2,2,0,0,98,0.020408163,0
APA,2017Q3,2,0,0,112,0.017857143,0
APA,2017Q4,8,0,0,125,0.064,0
APA,2018Q1,5,0,0,94,0.053191489,0
APA,2018Q2,10,0,0,130,0.076923077,0
APA,2018Q3,10,0.3,3,126,0.079365079,0.238095238
APA,2018Q4,21,-0.238095238,-5,143,0.146853147,-0.734265734
APA,2019Q1,10,0,0,140,0.071428571,0
APA,2019Q2,13,0,0,154,0.084415584,0
APA,2019Q3,5,0.2,1,157,0.031847134,0.031847134
APA,2019Q4,6,0,0,172,0.034883721,0
APA,2020Q1,8,-0.125,-1,213,0.037558685,-0.037558685
APA,2020Q2,12,0,0,190,0.063157895,0
APA,2020Q3,5,0.2,1,144,0.034722222,0.034722222
APA,2020Q4,15,0.133333333,2,180,0.083333333,0.166666667
APA,2021Q1,11,0.090909091,1,215,0.051162791,0.051162791
APA,2021Q2,6,0,0,193,0.031088083,0
APA,2021Q3,17,-0.058823529,-1,216,0.078703704,-0.078703704
APA,2021Q4,13,0.307692308,4,164,0.079268293,0.317073171
APA,2022Q1,8,-0.375,-3,150,0.053333333,-0.16
APA,2022Q2,8,0,0,131,0.061068702,0
APA,2022Q3,14,0,0,103,0.13592233,0
APA,2022Q4,16,-0.0625,-1,153,0.104575163,-0.104575163
APA,2023Q1,13,0.230769231,3,151,0.086092715,0.258278146
APA,2023Q2,20,0.1,2,212,0.094339623,0.188679245
APA,2023Q3,19,0,0,137,0.138686131,0
APA,2023Q4,17,-0.117647059,-2,130,0.130769231,-0.261538462
APA,2024Q1,8,0,0,128,0.0625,0
APA,2024Q2,1,0,0,102,0.009803922,0
APA,2024Q3,17,0.588235294,10,163,0.104294479,1.042944785
APA,2024Q4,8,0.25,2,146,0.054794521,0.109589041
APA,2025Q1,2,-1,-2,9,0.222222222,-0.444444444
AR,2005Q4,1,0,0,17,0.058823529,0
AR,2009Q2,1,0,0,15,0.066666667,0
AR,2009Q4,1,0,0,32,0.03125,0
AR,2011Q1,1,0,0,39,0.025641026,0
AR,2011Q2,3,0,0,35,0.085714286,0
AR,2013Q4,1,0,0,41,0.024390244,0
AR,2014Q1,2,0,0,29,0.068965517,0
AR,2015Q3,1,0,0,95,0.010526316,0
AR,2015Q4,1,-1,-1,74,0.013513514,-0.013513514
AR,2016Q1,4,0,0,88,0.045454545,0
AR,2016Q2,1,0,0,90,0.011111111,0
AR,2016Q3,8,0,0,88,0.090909091,0
AR,2017Q1,5,0.2,1,73,0.068493151,0.068493151
AR,2017Q2,4,0,0,98,0.040816327,0
AR,2017Q3,9,-0.222222222,-2,112,0.080357143,-0.160714286
AR,2017Q4,2,0,0,125,0.016,0
AR,2018Q1,4,-0.25,-1,94,0.042553191,-0.042553191
AR,2018Q2,5,0,0,130,0.038461538,0
AR,2018Q3,6,-0.166666667,-1,126,0.047619048,-0.047619048
AR,2018Q4,3,0,0,143,0.020979021,0
AR,2019Q1,8,0,0,140,0.057142857,0
AR,2019Q2,5,0,0,154,0.032467532,0
AR,2019Q3,4,0,0,157,0.025477707,0
AR,2019Q4,4,0,0,172,0.023255814,0
AR,2020Q1,7,-0.571428571,-4,213,0.03286385,-0.131455399
AR,2020Q2,12,0,0,190,0.063157895,0
AR,2020Q3,3,0,0,144,0.020833333,0
AR,2020Q4,7,0,0,180,0.038888889,0
AR,2021Q1,14,-0.071428571,-1,215,0.065116279,-0.065116279
AR,2021Q2,2,0,0,193,0.010362694,0
AR,2021Q3,12,0,0,216,0.055555556,0
AR,2021Q4,14,0,0,164,0.085365854,0
AR,2022Q1,9,0,0,150,0.06,0
AR,2022Q2,7,0.142857143,1,131,0.053435115,0.053435115
AR,2022Q3,2,0,0,103,0.019417476,0
AR,2022Q4,4,0,0,153,0.026143791,0
AR,2023Q1,8,-0.25,-2,151,0.052980132,-0.105960265
AR,2023Q2,14,0,0,212,0.066037736,0
AR,2023Q3,1,0,0,137,0.00729927,0
AR,2023Q4,3,0,0,130,0.023076923,0
AR,2024Q1,2,0,0,128,0.015625,0
AR,2024Q2,2,0,0,102,0.019607843,0
AR,2024Q3,5,0.6,3,163,0.030674847,0.09202454
AR,2024Q4,7,0.285714286,2,146,0.047945205,0.095890411
BATL,2013Q3,1,0,0,55,0.018181818,0
BATL,2018Q4,1,0,0,143,0.006993007,0
BATL,2020Q2,2,0,0,190,0.010526316,0
BATL,2024Q3,1,-1,-1,163,0.006134969,-0.006134969
BATL,2024Q4,2,-1,-2,146,0.01369863,-0.02739726
BORR,2016Q1,1,0,0,88,0.011363636,0
BORR,2017Q1,1,0,0,73,0.01369863,0
BORR,2017Q3,2,0,0,112,0.017857143,0
BORR,2018Q4,1,0,0,143,0.006993007,0
BORR,2019Q3,1,0,0,157,0.006369427,0
BORR,2020Q3,3,0,0,144,0.020833333,0
BORR,2020Q4,1,0,0,180,0.005555556,0
BORR,2021Q1,2,0,0,215,0.009302326,0
BORR,2021Q2,4,0,0,193,0.020725389,0
BORR,2024Q3,1,0,0,163,0.006134969,0
BRN,2013Q1,2,0,0,68,0.029411765,0
BRN,2013Q4,1,0,0,41,0.024390244,0
BRN,2014Q2,1,0,0,38,0.026315789,0
BRN,2015Q3,2,0,0,95,0.021052632,0
BRN,2016Q2,5,0,0,90,0.055555556,0
BRN,2016Q3,1,0,0,88,0.011363636,0
BRN,2017Q2,1,0,0,98,0.010204082,0
BRN,2017Q3,1,0,0,112,0.008928571,0
BRN,2017Q4,1,0,0,125,0.008,0
BRN,2018Q1,1,0,0,94,0.010638298,0
BRN,2018Q4,2,0,0,143,0.013986014,0
BRN,2019Q1,1,0,0,140,0.007142857,0
BRN,2019Q3,1,0,0,157,0.006369427,0
BRN,2019Q4,2,0,0,172,0.011627907,0
BRN,2020Q1,7,0,0,213,0.03286385,0
BRN,2021Q1,1,0,0,215,0.004651163,0
BRN,2022Q1,1,0,0,150,0.006666667,0
BRN,2022Q2,4,0,0,131,0.030534351,0
BRN,2022Q3,1,0,0,103,0.009708738,0
BRN,2022Q4,1,0,0,153,0.006535948,0
BRN,2023Q1,4,0,0,151,0.026490066,0
BRN,2023Q2,3,0,0,212,0.014150943,0
BRN,2024Q1,4,-0.25,-1,128,0.03125,-0.03125
BRN,2024Q2,2,-0.5,-1,102,0.019607843,-0.019607843
BRN,2024Q3,1,0,0,163,0.006134969,0
BSM,2009Q1,1,0,0,19,0.052631579,0
BSM,2010Q2,2,0,0,55,0.036363636,0
BSM,2015Q4,2,0,0,74,0.027027027,0
BSM,2016Q1,2,0,0,88,0.022727273,0
BSM,2016Q3,1,0,0,88,0.011363636,0
BSM,2017Q1,1,0,0,73,0.01369863,0
BSM,2017Q2,1,0,0,98,0.010204082,0
BSM,2017Q3,1,0,0,112,0.008928571,0
BSM,2017Q4,1,0,0,125,0.008,0
BSM,2019Q2,1,0,0,154,0.006493506,0
BSM,2019Q4,1,-1,-1,172,0.005813953,-0.005813953
BSM,2020Q4,5,0,0,180,0.027777778,0
BSM,2021Q1,13,0.076923077,1,215,0.060465116,0.060465116
BSM,2021Q2,2,0,0,193,0.010362694,0
BSM,2021Q4,1,0,0,164,0.006097561,0
BSM,2023Q1,1,0,0,151,0.006622517,0
BSM,2023Q3,1,0,0,137,0.00729927,0
BSM,2023Q4,1,0,0,130,0.007692308,0
CCLP,2008Q1,1,0,0,10,0.1,0
CHRD,2024Q3,2,1,2,163,0.012269939,0.024539877
CLB,1998Q3,1,0,0,3,0.333333333,0
CLB,1999Q1,3,0,0,18,0.166666667,0
CLB,2002Q4,1,0,0,9,0.111111111,0
CLB,2004Q2,2,0,0,11,0.181818182,0
CLB,2004Q3,1,0,0,14,0.071428571,0
CLB,2005Q1,2,0,0,17,0.117647059,0
CLB,2009Q1,1,0,0,19,0.052631579,0
CLB,2009Q2,1,0,0,15,0.066666667,0
CLB,2010Q2,1,0,0,55,0.018181818,0
CLB,2011Q4,3,0,0,38,0.078947368,0
CLB,2012Q3,2,0,0,54,0.037037037,0
CLB,2014Q2,1,0,0,38,0.026315789,0
CLB,2014Q3,1,0,0,39,0.025641026,0
CLB,2015Q2,2,0,0,59,0.033898305,0
CLB,2017Q2,2,0,0,98,0.020408163,0
CLB,2018Q2,3,0,0,130,0.023076923,0
CLB,2019Q1,1,0,0,140,0.007142857,0
CLB,2020Q1,1,0,0,213,0.004694836,0
CLB,2023Q2,2,0,0,212,0.009433962,0
CLB,2023Q3,1,0,0,137,0.00729927,0
CLB,2024Q4,1,2,2,146,0.006849315,0.01369863
CNQ,2024Q3,2,1,2,163,0.012269939,0.024539877
CPE,1998Q3,1,0,0,3,0.333333333,0
CPE,2000Q1,1,0,0,8,0.125,0
CPE,2000Q3,1,0,0,8,0.125,0
CPE,2002Q1,1,0,0,32,0.03125,0
CPE,2005Q1,1,0,0,17,0.058823529,0
CPE,2006Q1,4,-0.25,-1,10,0.4,-0.4
CPE,2006Q2,4,0,0,16,0.25,0
CPE,2010Q2,2,0,0,55,0.036363636,0
CPE,2010Q3,1,0,0,92,0.010869565,0
CPE,2012Q1,1,0,0,48,0.020833333,0
CPE,2013Q2,1,0,0,47,0.021276596,0
CPE,2015Q3,1,0,0,95,0.010526316,0
CPE,2016Q1,1,1,1,88,0.011363636,0.011363636
CPE,2016Q2,1,0,0,90,0.011111111,0
CPE,2016Q4,3,0,0,73,0.04109589,0
CPE,2017Q2,2,-0.5,-1,98,0.020408163,-0.020408163
CPE,2017Q4,1,0,0,125,0.008,0
CPE,2019Q3,7,0,0,157,0.044585987,0
CPE,2019Q4,5,0.2,1,172,0.029069767,0.029069767
CPE,2020Q1,4,0,0,213,0.018779343,0
CPE,2020Q2,4,-0.5,-2,190,0.021052632,-0.042105263
CPE,2020Q3,1,0,0,144,0.006944444,0
CPE,2020Q4,1,0,0,180,0.005555556,0
CPE,2021Q1,10,0,0,215,0.046511628,0
CPE,2021Q2,9,0.111111111,1,193,0.046632124,0.046632124
CPE,2021Q3,2,0,0,216,0.009259259,0
CPE,2021Q4,4,0.25,1,164,0.024390244,0.024390244
CPE,2022Q1,1,0,0,150,0.006666667,0
CPE,2022Q2,1,0,0,131,0.007633588,0
CPE,2022Q3,1,0,0,103,0.009708738,0
CPE,2022Q4,2,0,0,153,0.013071895,0
CPE,2023Q3,1,0,0,137,0.00729927,0
CPE,2023Q4,1,0,0,130,0.007692308,0
CPE,2024Q1,1,0,0,128,0.0078125,0
CPE,2024Q2,1,0,0,102,0.009803922,0
CPE,2024Q4,1,0,0,146,0.006849315,0
CRC,1998Q2,1,0,0,3,0.333333333,0
CRC,1998Q3,1,0,0,3,0.333333333,0
CRC,1999Q3,1,0,0,14,0.071428571,0
CRC,2001Q2,1,0,0,11,0.090909091,0
CRC,2005Q1,1,0,0,17,0.058823529,0
CRC,2005Q2,2,0,0,18,0.111111111,0
CRC,2005Q4,1,0,0,17,0.058823529,0
CRC,2006Q3,2,0,0,18,0.111111111,0
CRC,2007Q3,1,0,0,12,0.083333333,0
CRC,2009Q2,1,0,0,15,0.066666667,0
CRC,2009Q3,1,0,0,27,0.037037037,0
CRC,2010Q4,1,0,0,41,0.024390244,0
CRC,2012Q1,4,0.5,2,48,0.083333333,0.166666667
CRC,2012Q4,1,0,0,45,0.022222222,0
CRC,2013Q1,2,0,0,68,0.029411765,0
CRC,2013Q2,1,0,0,47,0.021276596,0
CRC,2014Q1,1,0,0,29,0.034482759,0
CRC,2014Q3,2,-0.5,-1,39,0.051282051,-0.051282051
CRC,2014Q4,1,1,1,81,0.012345679,0.012345679
CRC,2015Q1,2,0,0,73,0.02739726,0
CRC,2015Q2,1,0,0,59,0.016949153,0
CRC,2015Q4,2,0,0,74,0.027027027,0
CRC,2016Q1,1,0,0,88,0.011363636,0
CRC,2016Q2,1,0,0,90,0.011111111,0
CRC,2016Q3,4,-0.25,-1,88,0.045454545,-0.045454545
CRC,2016Q4,1,0,0,73,0.01369863,0
CRC,2017Q2,1,0,0,98,0.010204082,0
CRC,2017Q4,2,0,0,125,0.016,0
CRC,2018Q2,3,0,0,130,0.023076923,0
CRC,2018Q3,2,0,0,126,0.015873016,0
CRC,2018Q4,2,0,0,143,0.013986014,0
CRC,2019Q3,3,0.666666667,2,157,0.01910828,0.038216561
CRC,2019Q4,9,0,0,172,0.052325581,0
CRC,2020Q1,6,0,0,213,0.028169014,0
CRC,2020Q2,8,0,0,190,0.042105263,0
CRC,2020Q3,6,0,0,144,0.041666667,0
CRC,2020Q4,6,-0.5,-3,180,0.033333333,-0.1
CRC,2021Q1,9,0,0,215,0.041860465,0
CRC,2021Q2,3,0,0,193,0.015544041,0
CRC,2021Q3,1,0,0,216,0.00462963,0
CRC,2021Q4,3,0.333333333,1,164,0.018292683,0.018292683
CRC,2022Q1,6,-0.166666667,-1,150,0.04,-0.04
CRC,2022Q2,1,0,0,131,0.007633588,0
CRC,2022Q3,5,0.2,1,103,0.048543689,0.048543689
CRC,2022Q4,4,0,0,153,0.026143791,0
CRC,2023Q1,14,-0.071428571,-1,151,0.092715232,-0.092715232
CRC,2023Q2,8,0,0,212,0.037735849,0
CRC,2023Q3,2,0,0,137,0.01459854,0
CRC,2023Q4,2,0,0,130,0.015384615,0
CRC,2024Q1,3,0,0,128,0.0234375,0
CRC,2024Q3,2,0,0,163,0.012269939,0
CRC,2024Q4,9,0.444444444,4,146,0.061643836,0.246575342
CRK,2001Q1,1,0,0,22,0.045454545,0
CRK,2004Q1,1,1,1,19,0.052631579,0.052631579
CRK,2007Q4,1,0,0,6,0.166666667,0
CRK,2008Q4,1,0,0,18,0.055555556,0
CRK,2013Q1,4,0,0,68,0.058823529,0
CRK,2013Q2,1,0,0,47,0.021276596,0
CRK,2013Q4,1,0,0,41,0.024390244,0
CRK,2014Q3,1,-1,-1,39,0.025641026,-0.025641026
CRK,2016Q2,1,-1,-1,90,0.011111111,-0.011111111
CRK,2018Q2,1,0,0,130,0.007692308,0
CRK,2019Q2,2,0,0,154,0.012987013,0
CRK,2019Q4,1,0,0,172,0.005813953,0
CRK,2020Q1,2,0,0,213,0.009389671,0
CRK,2020Q4,1,0,0,180,0.005555556,0
CRK,2021Q1,2,0,0,215,0.009302326,0
CRK,2021Q3,1,0,0,216,0.00462963,0
CRK,2022Q4,6,0,0,153,0.039215686,0
CRK,2023Q1,5,-0.2,-1,151,0.033112583,-0.033112583
CRK,2023Q2,8,-0.25,-2,212,0.037735849,-0.075471698
CRK,2023Q3,3,0,0,137,0.02189781,0
DCP,2005Q4,1,0,0,17,0.058823529,0
DCP,2006Q2,3,0,0,16,0.1875,0
DCP,2008Q3,2,0.5,1,8,0.25,0.25
DCP,2009Q3,1,0,0,27,0.037037037,0
DCP,2010Q2,3,0,0,55,0.054545455,0
DCP,2011Q1,1,0,0,39,0.025641026,0
DCP,2011Q4,1,0,0,38,0.026315789,0
DCP,2012Q1,1,0,0,48,0.020833333,0
DCP,2012Q2,1,0,0,35,0.028571429,0
DCP,2012Q3,2,-0.5,-1,54,0.037037037,-0.037037037
DCP,2012Q4,1,0,0,45,0.022222222,0
DCP,2015Q2,1,0,0,59,0.016949153,0
DCP,2015Q3,1,0,0,95,0.010526316,0
DCP,2016Q3,2,0,0,88,0.022727273,0
DCP,2017Q1,3,0,0,73,0.04109589,0
DCP,2017Q2,1,0,0,98,0.010204082,0
DCP,2017Q4,4,0.25,1,125,0.032,0.032
DCP,2018Q3,4,0,0,126,0.031746032,0
DCP,2019Q2,1,0,0,154,0.006493506,0
DCP,2020Q1,2,0,0,213,0.009389671,0
DCP,2020Q2,2,0,0,190,0.010526316,0
DCP,2020Q4,1,0,0,180,0.005555556,0
DCP,2021Q1,6,-0.166666667,-1,215,0.027906977,-0.027906977
DCP,2021Q2,1,0,0,193,0.005181347,0
DCP,2021Q3,1,0,0,216,0.00462963,0
DCP,2021Q4,3,0,0,164,0.018292683,0
DCP,2022Q1,2,1,2,150,0.013333333,0.026666667
DCP,2022Q2,1,1,1,131,0.007633588,0.007633588
DCP,2023Q1,4,0,0,151,0.026490066,0
DCP,2023Q2,2,1,2,212,0.009433962,0.018867925
DCP,2023Q3,5,0.4,2,137,0.03649635,0.072992701
DCP,2023Q4,2,0,0,130,0.015384615,0
DCP,2024Q3,2,1,2,163,0.012269939,0.024539877
DCP,2024Q4,3,0,0,146,0.020547945,0
DO,2010Q2,1,-1,-1,55,0.018181818,-0.018181818
DO,2015Q3,1,1,1,95,0.010526316,0.010526316
DO,2016Q1,1,1,1,88,0.011363636,0.011363636
DO,2018Q1,2,0,0,94,0.021276596,0
DO,2020Q2,10,-0.6,-6,190,0.052631579,-0.315789474
DO,2024Q3,1,1,1,163,0.006134969,0.006134969
DO,2025Q1,1,1,1,9,0.111111111,0.111111111
DWSN,2014Q4,1,0,0,81,0.012345679,0
DWSN,2020Q2,2,-0.5,-1,190,0.010526316,-0.010526316
EP,2001Q1,3,0,0,22,0.136363636,0
EP,2004Q1,1,0,0,19,0.052631579,0
EP,2004Q4,1,0,0,12,0.083333333,0
EP,2006Q2,1,0,0,16,0.0625,0
EP,2010Q2,1,0,0,55,0.018181818,0
EP,2010Q3,1,0,0,92,0.010869565,0
EP,2012Q3,2,0,0,54,0.037037037,0
EP,2013Q1,1,0,0,68,0.014705882,0
EP,2013Q2,2,0.5,1,47,0.042553191,0.042553191
EP,2013Q3,1,0,0,55,0.018181818,0
EP,2014Q4,1,0,0,81,0.012345679,0
EP,2015Q2,1,0,0,59,0.016949153,0
EP,2015Q3,1,0,0,95,0.010526316,0
EP,2015Q4,1,0,0,74,0.013513514,0
EP,2016Q2,1,0,0,90,0.011111111,0
EP,2017Q1,2,0,0,73,0.02739726,0
EP,2017Q3,1,0,0,112,0.008928571,0
EP,2017Q4,1,0,0,125,0.008,0
EP,2019Q1,1,0,0,140,0.007142857,0
EP,2019Q2,5,-0.2,-1,154,0.032467532,-0.032467532
EP,2019Q3,1,0,0,157,0.006369427,0
EP,2020Q1,7,0,0,213,0.03286385,0
EP,2020Q2,1,0,0,190,0.005263158,0
EP,2020Q3,2,0,0,144,0.013888889,0
EP,2020Q4,5,-0.2,-1,180,0.027777778,-0.027777778
EP,2021Q1,2,0,0,215,0.009302326,0
EP,2021Q2,3,0,0,193,0.015544041,0
EP,2021Q3,6,0,0,216,0.027777778,0
EP,2021Q4,1,0,0,164,0.006097561,0
EP,2022Q1,3,0,0,150,0.02,0
EP,2022Q2,3,0,0,131,0.022900763,0
EP,2022Q3,4,0,0,103,0.038834951,0
EP,2022Q4,1,0,0,153,0.006535948,0
EP,2023Q1,3,0,0,151,0.01986755,0
EP,2023Q2,4,0,0,212,0.018867925,0
EP,2023Q4,1,0,0,130,0.007692308,0
EP,2024Q1,3,0,0,128,0.0234375,0
EP,2024Q2,5,0,0,102,0.049019608,0
EP,2024Q3,1,0,0,163,0.006134969,0
EP,2024Q4,1,0,0,146,0.006849315,0
EPM,2000Q1,1,0,0,8,0.125,0
EPM,2014Q4,1,0,0,81,0.012345679,0
EPM,2015Q2,1,0,0,59,0.016949153,0
EPM,2018Q4,1,0,0,143,0.006993007,0
EPM,2019Q1,1,0,0,140,0.007142857,0
EPM,2019Q2,1,0,0,154,0.006493506,0
EPM,2019Q4,1,0,0,172,0.005813953,0
EPM,2020Q4,1,0,0,180,0.005555556,0
EPM,2021Q1,1,0,0,215,0.004651163,0
EPM,2021Q4,1,0,0,164,0.006097561,0
EPM,2022Q3,1,0,0,103,0.009708738,0
EPM,2022Q4,1,0,0,153,0.006535948,0
EPSN,2010Q2,1,0,0,55,0.018181818,0
EQT,2001Q2,1,0,0,11,0.090909091,0
EQT,2001Q4,1,0,0,12,0.083333333,0
EQT,2002Q3,1,0,0,8,0.125,0
EQT,2003Q2,2,0,0,10,0.2,0
EQT,2003Q4,2,0,0,11,0.181818182,0
EQT,2004Q1,1,0,0,19,0.052631579,0
EQT,2004Q2,1,0,0,11,0.090909091,0
EQT,2005Q1,1,0,0,17,0.058823529,0
EQT,2005Q2,1,0,0,18,0.055555556,0
EQT,2005Q4,6,0,0,17,0.352941176,0
EQT,2006Q3,2,0,0,18,0.111111111,0
EQT,2007Q1,3,0,0,9,0.333333333,0
EQT,2007Q4,1,0,0,6,0.166666667,0
EQT,2008Q1,2,0,0,10,0.2,0
EQT,2008Q2,1,0,0,9,0.111111111,0
EQT,2008Q4,1,0,0,18,0.055555556,0
EQT,2009Q3,1,1,1,27,0.037037037,0.037037037
EQT,2009Q4,3,0,0,32,0.09375,0
EQT,2010Q2,1,0,0,55,0.018181818,0
EQT,2010Q3,2,0,0,92,0.02173913,0
EQT,2010Q4,2,0,0,41,0.048780488,0
EQT,2011Q1,9,0,0,39,0.230769231,0
EQT,2011Q2,6,0,0,35,0.171428571,0
EQT,2011Q3,1,1,1,28,0.035714286,0.035714286
EQT,2011Q4,5,0,0,38,0.131578947,0
EQT,2012Q1,2,0,0,48,0.041666667,0
EQT,2012Q2,1,0,0,35,0.028571429,0
EQT,2012Q3,2,0,0,54,0.037037037,0
EQT,2012Q4,2,0,0,45,0.044444444,0
EQT,2013Q1,3,0,0,68,0.044117647,0
EQT,2013Q2,5,0,0,47,0.106382979,0
EQT,2013Q3,2,0,0,55,0.036363636,0
EQT,2013Q4,5,0,0,41,0.12195122,0
EQT,2014Q1,5,0,0,29,0.172413793,0
EQT,2014Q2,2,0,0,38,0.052631579,0
EQT,2014Q3,2,0,0,39,0.051282051,0
EQT,2014Q4,14,-0.071428571,-1,81,0.172839506,-0.172839506
EQT,2015Q1,4,0,0,73,0.054794521,0
EQT,2015Q2,8,0,0,59,0.13559322,0
EQT,2015Q3,4,0,0,95,0.042105263,0
EQT,2015Q4,9,0,0,74,0.121621622,0
EQT,2016Q1,18,0,0,88,0.204545455,0
EQT,2016Q2,8,0,0,90,0.088888889,0
EQT,2016Q3,15,0,0,88,0.170454545,0
EQT,2016Q4,11,0,0,73,0.150684932,0
EQT,2017Q1,9,0.111111111,1,73,0.123287671,0.123287671
EQT,2017Q2,20,0,0,98,0.204081633,0
EQT,2017Q3,31,-0.096774194,-3,112,0.276785714,-0.830357143
EQT,2017Q4,17,0.058823529,1,125,0.136,0.136
EQT,2018Q1,6,0,0,94,0.063829787,0
EQT,2018Q2,8,0,0,130,0.061538462,0
EQT,2018Q3,12,0,0,126,0.095238095,0
EQT,2018Q4,34,0.029411765,1,143,0.237762238,0.237762238
EQT,2019Q1,29,0,0,140,0.207142857,0
EQT,2019Q2,53,0.018867925,1,154,0.344155844,0.344155844
EQT,2019Q3,44,0.045454545,2,157,0.280254777,0.560509554
EQT,2019Q4,32,-0.03125,-1,172,0.186046512,-0.186046512
EQT,2020Q1,24,-0.208333333,-5,213,0.112676056,-0.563380282
EQT,2020Q2,12,0,0,190,0.063157895,0
EQT,2020Q3,30,-0.066666667,-2,144,0.208333333,-0.416666667
EQT,2020Q4,42,0.071428571,3,180,0.233333333,0.7
EQT,2021Q1,45,0.066666667,3,215,0.209302326,0.627906977
EQT,2021Q2,58,0.051724138,3,193,0.300518135,0.901554404
EQT,2021Q3,60,0.033333333,2,216,0.277777778,0.555555556
EQT,2021Q4,51,0.039215686,2,164,0.31097561,0.62195122
EQT,2022Q1,51,0.098039216,5,150,0.34,1.7
EQT,2022Q2,28,0.107142857,3,131,0.213740458,0.641221374
EQT,2022Q3,11,0.090909091,1,103,0.106796117,0.106796117
EQT,2022Q4,36,0.055555556,2,153,0.235294118,0.470588235
EQT,2023Q1,28,0.035714286,1,151,0.185430464,0.185430464
EQT,2023Q2,53,0.150943396,8,212,0.25,2
EQT,2023Q3,34,0.058823529,2,137,0.248175182,0.496350365
EQT,2023Q4,40,0.225,9,130,0.307692308,2.769230769
EQT,2024Q1,56,0.178571429,10,128,0.4375,4.375
EQT,2024Q2,38,0.078947368,3,102,0.37254902,1.117647059
EQT,2024Q3,28,0.25,7,163,0.171779141,1.202453988
EQT,2024Q4,26,0,0,146,0.178082192,0
ERF,2025Q1,1,2,2,9,0.111111111,0.222222222
EXE,1998Q2,1,0,0,3,0.333333333,0
EXE,1999Q4,1,0,0,6,0.166666667,0
EXE,2000Q2,1,0,0,10,0.1,0
EXE,2001Q1,1,0,0,22,0.045454545,0
EXE,2001Q3,1,0,0,10,0.1,0
EXE,2002Q2,1,0,0,12,0.083333333,0
EXE,2003Q3,2,0,0,4,0.5,0
EXE,2007Q3,1,0,0,12,0.083333333,0
EXE,2014Q4,1,0,0,81,0.012345679,0
EXE,2015Q3,1,0,0,95,0.010526316,0
EXE,2015Q4,1,0,0,74,0.013513514,0
EXE,2016Q1,1,0,0,88,0.011363636,0
EXE,2024Q3,2,1.5,3,163,0.012269939,0.036809816
EXE,2024Q4,3,0,0,146,0.020547945,0
FANG,2013Q4,1,1,1,41,0.024390244,0.024390244
FANG,2014Q2,1,0,0,38,0.026315789,0
FANG,2014Q3,1,0,0,39,0.025641026,0
FANG,2016Q1,6,0.166666667,1,88,0.068181818,0.068181818
FANG,2016Q3,3,0.666666667,2,88,0.034090909,0.068181818
FANG,2016Q4,3,0,0,73,0.04109589,0
FANG,2017Q1,3,0.333333333,1,73,0.04109589,0.04109589
FANG,2017Q2,8,-0.25,-2,98,0.081632653,-0.163265306
FANG,2017Q3,7,0.142857143,1,112,0.0625,0.0625
FANG,2017Q4,15,0,0,125,0.12,0
FANG,2018Q1,13,0.076923077,1,94,0.138297872,0.138297872
FANG,2018Q2,30,0,0,130,0.230769231,0
FANG,2018Q3,37,0,0,126,0.293650794,0
FANG,2018Q4,32,0,0,143,0.223776224,0
FANG,2019Q1,7,0,0,140,0.05,0
FANG,2019Q2,8,-0.125,-1,154,0.051948052,-0.051948052
FANG,2019Q3,10,0.1,1,157,0.063694268,0.063694268
FANG,2019Q4,2,0,0,172,0.011627907,0
FANG,2020Q1,14,-0.357142857,-5,213,0.0657277,-0.328638498
FANG,2020Q2,7,0,0,190,0.036842105,0
FANG,2020Q3,4,-1.5,-6,144,0.027777778,-0.166666667
FANG,2020Q4,8,0.375,3,180,0.044444444,0.133333333
FANG,2021Q1,11,-0.545454545,-6,215,0.051162791,-0.306976744
FANG,2021Q2,4,0.5,2,193,0.020725389,0.041450777
FANG,2021Q3,6,0.5,3,216,0.027777778,0.083333333
FANG,2021Q4,4,0,0,164,0.024390244,0
FANG,2022Q1,6,0,0,150,0.04,0
FANG,2022Q2,2,0,0,131,0.015267176,0
FANG,2022Q3,2,-0.5,-1,103,0.019417476,-0.019417476
FANG,2022Q4,5,0,0,153,0.032679739,0
FANG,2023Q2,5,0.2,1,212,0.023584906,0.023584906
FANG,2023Q3,1,0,0,137,0.00729927,0
FANG,2024Q1,2,0,0,128,0.015625,0
FANG,2024Q3,12,0.666666667,8,163,0.073619632,0.588957055
FANG,2024Q4,5,0,0,146,0.034246575,0
FANG,2025Q1,1,1,1,9,0.111111111,0.111111111
FTI,2024Q3,1,2,2,163,0.006134969,0.012269939
FTSI,2014Q2,1,0,0,38,0.026315789,0
GDP,2014Q4,1,0,0,81,0.012345679,0
GDP,2016Q1,2,-1.5,-3,88,0.022727273,-0.068181818
GDP,2016Q2,5,0.2,1,90,0.055555556,0.055555556
GDP,2016Q4,3,0,0,73,0.04109589,0
GDP,2017Q2,2,0,0,98,0.020408163,0
GDP,2018Q4,2,0,0,143,0.013986014,0
GDP,2019Q1,1,-1,-1,140,0.007142857,-0.007142857
GPRK,2017Q3,1,0,0,112,0.008928571,0
GPRK,2017Q4,1,0,0,125,0.008,0
GPRK,2018Q1,1,0,0,94,0.010638298,0
GPRK,2025Q1,1,2,2,9,0.111111111,0.222222222
HAL,2001Q2,1,0,0,11,0.090909091,0
HAL,2003Q4,1,0,0,11,0.090909091,0
HAL,2008Q4,3,0.666666667,2,18,0.166666667,0.333333333
HAL,2009Q3,2,0.5,1,27,0.074074074,0.074074074
HAL,2009Q4,1,0,0,32,0.03125,0
HAL,2010Q1,3,0,0,25,0.12,0
HAL,2010Q2,14,-0.071428571,-1,55,0.254545455,-0.254545455
HAL,2010Q3,7,0.142857143,1,92,0.076086957,0.076086957
HAL,2010Q4,4,-1.5,-6,41,0.097560976,-0.585365854
HAL,2011Q1,8,0.125,1,39,0.205128205,0.205128205
HAL,2011Q2,5,0.4,2,35,0.142857143,0.285714286
HAL,2011Q3,3,0.666666667,2,28,0.107142857,0.214285714
HAL,2011Q4,2,0,0,38,0.052631579,0
HAL,2012Q1,8,-0.375,-3,48,0.166666667,-0.5
HAL,2012Q2,4,0,0,35,0.114285714,0
HAL,2012Q3,4,0.5,2,54,0.074074074,0.148148148
HAL,2012Q4,2,0,0,45,0.044444444,0
HAL,2013Q1,7,-0.428571429,-3,68,0.102941176,-0.308823529
HAL,2013Q2,5,0.2,1,47,0.106382979,0.106382979
HAL,2013Q3,8,-0.375,-3,55,0.145454545,-0.436363636
HAL,2013Q4,3,-0.333333333,-1,41,0.073170732,-0.073170732
HAL,2014Q1,1,1,1,29,0.034482759,0.034482759
HAL,2014Q2,4,0.75,3,38,0.105263158,0.315789474
HAL,2014Q3,3,-0.333333333,-1,39,0.076923077,-0.076923077
HAL,2014Q4,16,0.3125,5,81,0.197530864,0.987654321
HAL,2015Q1,8,-0.25,-2,73,0.109589041,-0.219178082
HAL,2015Q2,6,0.666666667,4,59,0.101694915,0.406779661
HAL,2015Q3,13,-0.615384615,-8,95,0.136842105,-1.094736842
HAL,2015Q4,7,-0.428571429,-3,74,0.094594595,-0.283783784
HAL,2016Q1,8,-0.625,-5,88,0.090909091,-0.454545455
HAL,2016Q2,11,-1.181818182,-13,90,0.122222222,-1.588888889
HAL,2016Q3,4,-0.75,-3,88,0.045454545,-0.136363636
HAL,2016Q4,6,-0.166666667,-1,73,0.082191781,-0.082191781
HAL,2017Q1,4,-1,-4,73,0.054794521,-0.219178082
HAL,2017Q2,5,0,0,98,0.051020408,0
HAL,2017Q3,5,0.2,1,112,0.044642857,0.044642857
HAL,2017Q4,3,0,0,125,0.024,0
HAL,2018Q1,5,0.2,1,94,0.053191489,0.053191489
HAL,2018Q2,3,0,0,130,0.023076923,0
HAL,2018Q3,5,-1.2,-6,126,0.03968254,-0.238095238
HAL,2018Q4,5,-0.2,-1,143,0.034965035,-0.034965035
HAL,2019Q1,7,-0.857142857,-6,140,0.05,-0.3
HAL,2019Q2,9,0.333333333,3,154,0.058441558,0.175324675
HAL,2019Q3,14,0.071428571,1,157,0.089171975,0.089171975
HAL,2019Q4,6,-0.333333333,-2,172,0.034883721,-0.069767442
HAL,2020Q1,8,-0.125,-1,213,0.037558685,-0.037558685
HAL,2020Q2,16,-0.9375,-15,190,0.084210526,-1.263157895
HAL,2020Q3,7,0.428571429,3,144,0.048611111,0.145833333
HAL,2020Q4,6,-0.833333333,-5,180,0.033333333,-0.166666667
HAL,2021Q1,5,1.4,7,215,0.023255814,0.162790698
HAL,2021Q2,5,-0.2,-1,193,0.025906736,-0.025906736
HAL,2021Q3,16,0.4375,7,216,0.074074074,0.518518519
HAL,2021Q4,2,1.5,3,164,0.012195122,0.036585366
HAL,2022Q1,4,0,0,150,0.026666667,0
HAL,2022Q2,12,0.333333333,4,131,0.091603053,0.366412214
HAL,2022Q3,2,0.5,1,103,0.019417476,0.019417476
HAL,2022Q4,2,1,2,153,0.013071895,0.026143791
HAL,2023Q1,5,0.6,3,151,0.033112583,0.099337748
HAL,2023Q2,5,0.2,1,212,0.023584906,0.023584906
HAL,2023Q3,2,-1,-2,137,0.01459854,-0.02919708
HAL,2024Q3,2,0.5,1,163,0.012269939,0.012269939
HAL,2024Q4,2,1,2,146,0.01369863,0.02739726
HESM,2014Q3,1,2,2,39,0.025641026,0.051282051
HESM,2019Q4,1,2,2,172,0.005813953,0.011627907
HESM,2023Q4,1,2,2,130,0.007692308,0.015384615
HESM,2024Q3,3,1.666666667,5,163,0.018404908,0.09202454
HESM,2024Q4,3,0.333333333,1,146,0.020547945,0.020547945
HLX,2011Q1,3,0,0,39,0.076923077,0
HLX,2012Q4,1,1,1,45,0.022222222,0.022222222
HLX,2016Q4,1,0,0,73,0.01369863,0
HLX,2017Q2,1,0,0,98,0.010204082,0
HLX,2017Q4,1,-1,-1,125,0.008,-0.008
HLX,2024Q4,1,0,0,146,0.006849315,0
HP,1998Q2,1,0,0,3,0.333333333,0
HP,1998Q4,3,0,0,8,0.375,0
HP,1999Q1,1,0,0,18,0.055555556,0
HP,1999Q2,4,0,0,6,0.666666667,0
HP,1999Q3,7,0.142857143,1,14,0.5,0.5
HP,1999Q4,2,-0.5,-1,6,0.333333333,-0.333333333
HP,2000Q1,2,0,0,8,0.25,0
HP,2000Q2,2,0,0,10,0.2,0
HP,2000Q3,2,0,0,8,0.25,0
HP,2000Q4,4,0,0,9,0.444444444,0
HP,2001Q1,7,0,0,22,0.318181818,0
HP,2001Q2,2,0,0,11,0.181818182,0
HP,2001Q3,6,0,0,10,0.6,0
HP,2001Q4,5,0,0,12,0.416666667,0
HP,2002Q1,25,0.08,2,32,0.78125,1.5625
HP,2002Q2,5,0,0,12,0.416666667,0
HP,2002Q3,3,0,0,8,0.375,0
HP,2002Q4,2,0.5,1,9,0.222222222,0.222222222
HP,2003Q1,1,0,0,3,0.333333333,0
HP,2003Q2,1,0,0,10,0.1,0
HP,2003Q3,1,0,0,4,0.25,0
HP,2003Q4,2,0,0,11,0.181818182,0
HP,2004Q1,7,0,0,19,0.368421053,0
HP,2004Q2,3,0,0,11,0.272727273,0
HP,2004Q3,3,0,0,14,0.214285714,0
HP,2004Q4,8,0.125,1,12,0.666666667,0.666666667
HP,2005Q1,9,0,0,17,0.529411765,0
HP,2005Q2,13,-0.076923077,-1,18,0.722222222,-0.722222222
HP,2005Q3,1,0,0,6,0.166666667,0
HP,2005Q4,4,0,0,17,0.235294118,0
HP,2006Q1,3,0.333333333,1,10,0.3,0.3
HP,2006Q2,3,0,0,16,0.1875,0
HP,2006Q3,10,0.4,4,18,0.555555556,2.222222222
HP,2006Q4,5,0,0,10,0.5,0
HP,2007Q2,4,0,0,23,0.173913043,0
HP,2007Q3,3,0,0,12,0.25,0
HP,2008Q1,4,0,0,10,0.4,0
HP,2008Q2,3,0,0,9,0.333333333,0
HP,2008Q3,4,0,0,8,0.5,0
HP,2008Q4,3,0,0,18,0.166666667,0
HP,2009Q1,7,-0.142857143,-1,19,0.368421053,-0.368421053
HP,2009Q2,6,0,0,15,0.4,0
HP,2009Q3,9,0.111111111,1,27,0.333333333,0.333333333
HP,2009Q4,19,0.157894737,3,32,0.59375,1.78125
HP,2010Q1,11,-0.090909091,-1,25,0.44,-0.44
HP,2010Q2,9,-0.111111111,-1,55,0.163636364,-0.163636364
HP,2010Q3,50,-0.1,-5,92,0.543478261,-2.717391304
HP,2010Q4,14,0,0,41,0.341463415,0
HP,2011Q1,7,0,0,39,0.179487179,0
HP,2011Q2,8,0,0,35,0.228571429,0
HP,2011Q3,13,-0.076923077,-1,28,0.464285714,-0.464285714
HP,2011Q4,9,0.111111111,1,38,0.236842105,0.236842105
HP,2012Q1,6,0,0,48,0.125,0
HP,2012Q2,9,0,0,35,0.257142857,0
HP,2012Q3,13,0,0,54,0.240740741,0
HP,2012Q4,16,0,0,45,0.355555556,0
HP,2013Q1,21,-0.047619048,-1,68,0.308823529,-0.308823529
HP,2013Q2,15,-0.066666667,-1,47,0.319148936,-0.319148936
HP,2013Q3,8,0,0,55,0.145454545,0
HP,2013Q4,11,0,0,41,0.268292683,0
HP,2014Q1,10,0,0,29,0.344827586,0
HP,2014Q2,4,0,0,38,0.105263158,0
HP,2014Q3,6,0,0,39,0.153846154,0
HP,2014Q4,18,0.111111111,2,81,0.222222222,0.444444444
HP,2015Q1,14,0,0,73,0.191780822,0
HP,2015Q2,15,0,0,59,0.254237288,0
HP,2015Q3,27,-0.074074074,-2,95,0.284210526,-0.568421053
HP,2015Q4,27,-0.074074074,-2,74,0.364864865,-0.72972973
HP,2016Q1,14,0,0,88,0.159090909,0
HP,2016Q2,28,0,0,90,0.311111111,0
HP,2016Q3,23,0,0,88,0.261363636,0
HP,2016Q4,16,0,0,73,0.219178082,0
HP,2017Q1,7,0,0,73,0.095890411,0
HP,2017Q2,20,0.05,1,98,0.204081633,0.204081633
HP,2017Q3,16,0,0,112,0.142857143,0
HP,2017Q4,26,0,0,125,0.208,0
HP,2018Q1,16,-0.0625,-1,94,0.170212766,-0.170212766
HP,2018Q2,13,0.153846154,2,130,0.1,0.2
HP,2018Q3,11,-0.090909091,-1,126,0.087301587,-0.087301587
HP,2018Q4,11,0.090909091,1,143,0.076923077,0.076923077
HP,2019Q1,30,0.033333333,1,140,0.214285714,0.214285714
HP,2019Q2,21,-0.238095238,-5,154,0.136363636,-0.681818182
HP,2019Q3,14,0,0,157,0.089171975,0
HP,2019Q4,60,0.033333333,2,172,0.348837209,0.697674419
HP,2020Q1,52,-0.019230769,-1,213,0.244131455,-0.244131455
HP,2020Q2,26,-0.269230769,-7,190,0.136842105,-0.957894737
HP,2020Q3,19,-0.157894737,-3,144,0.131944444,-0.395833333
HP,2020Q4,18,0,0,180,0.1,0
HP,2021Q1,15,-0.266666667,-4,215,0.069767442,-0.279069767
HP,2021Q2,28,-0.214285714,-6,193,0.14507772,-0.870466321
HP,2021Q3,20,-0.1,-2,216,0.092592593,-0.185185185
HP,2021Q4,16,0.0625,1,164,0.097560976,0.097560976
HP,2022Q1,22,0,0,150,0.146666667,0
HP,2022Q2,35,0.028571429,1,131,0.267175573,0.267175573
HP,2022Q3,13,-0.076923077,-1,103,0.126213592,-0.126213592
HP,2022Q4,42,-0.071428571,-3,153,0.274509804,-0.823529412
HP,2023Q1,36,-0.027777778,-1,151,0.238410596,-0.238410596
HP,2023Q2,34,-0.088235294,-3,212,0.160377358,-0.481132075
HP,2023Q3,30,0,0,137,0.218978102,0
HP,2023Q4,30,0,0,130,0.230769231,0
HP,2024Q1,34,0,0,128,0.265625,0
HP,2024Q2,31,0,0,102,0.303921569,0
HP,2024Q3,33,0,0,163,0.202453988,0
HP,2024Q4,19,-0.052631579,-1,146,0.130136986,-0.130136986
IOGPQ,2018Q2,2,-1.5,-3,130,0.015384615,-0.046153846
KGS,2024Q3,1,1,1,163,0.006134969,0.006134969
KRP,2019Q4,1,1,1,172,0.005813953,0.005813953
KRP,2020Q3,1,0,0,144,0.006944444,0
KRP,2022Q1,1,0,0,150,0.006666667,0
KRP,2024Q4,1,1,1,146,0.006849315,0.006849315
LNG,2024Q4,1,1,1,146,0.006849315,0.006849315
MNR,2008Q1,1,0,0,10,0.1,0
MNR,2012Q3,1,0,0,54,0.018518519,0
MNR,2023Q1,1,-2,-2,151,0.006622517,-0.013245033
MNR,2023Q2,1,1,1,212,0.004716981,0.004716981
MNR,2023Q4,2,1,2,130,0.015384615,0.030769231
MXC,2012Q1,1,0,0,48,0.020833333,0
MXC,2017Q4,2,0,0,125,0.016,0
MXC,2021Q2,2,0,0,193,0.010362694,0
MXC,2021Q3,1,-1,-1,216,0.00462963,-0.00462963
NBR,1999Q1,1,0,0,18,0.055555556,0
NBR,2001Q4,2,1,2,12,0.166666667,0.333333333
NBR,2005Q3,1,1,1,6,0.166666667,0.166666667
NBR,2006Q4,2,0,0,10,0.2,0
NBR,2007Q4,1,1,1,6,0.166666667,0.166666667
NBR,2008Q4,3,-1,-3,18,0.166666667,-0.5
NBR,2009Q1,2,0,0,19,0.105263158,0
NBR,2009Q2,1,-1,-1,15,0.066666667,-0.066666667
NBR,2010Q1,3,-0.333333333,-1,25,0.12,-0.12
NBR,2010Q2,1,-1,-1,55,0.018181818,-0.018181818
NBR,2010Q3,1,2,2,92,0.010869565,0.02173913
NBR,2010Q4,1,-1,-1,41,0.024390244,-0.024390244
NBR,2011Q2,1,1,1,35,0.028571429,0.028571429
NBR,2011Q4,4,-0.25,-1,38,0.105263158,-0.105263158
NBR,2012Q1,3,0.666666667,2,48,0.0625,0.125
NBR,2012Q3,1,1,1,54,0.018518519,0.018518519
NBR,2012Q4,2,-1.5,-3,45,0.044444444,-0.133333333
NBR,2013Q1,2,-1,-2,68,0.029411765,-0.058823529
NBR,2013Q2,1,-1,-1,47,0.021276596,-0.021276596
NBR,2013Q3,3,-1.333333333,-4,55,0.054545455,-0.218181818
NBR,2014Q1,2,0.5,1,29,0.068965517,0.068965517
NBR,2014Q2,5,0.2,1,38,0.131578947,0.131578947
NBR,2014Q3,2,-1,-2,39,0.051282051,-0.102564103
NBR,2014Q4,6,-0.5,-3,81,0.074074074,-0.222222222
NBR,2015Q1,4,-0.75,-3,73,0.054794521,-0.164383562
NBR,2015Q2,2,-0.5,-1,59,0.033898305,-0.033898305
NBR,2015Q3,2,-0.5,-1,95,0.021052632,-0.021052632
NBR,2015Q4,1,-1,-1,74,0.013513514,-0.013513514
NBR,2016Q2,1,-2,-2,90,0.011111111,-0.022222222
NBR,2016Q4,1,1,1,73,0.01369863,0.01369863
NBR,2017Q3,2,1,2,112,0.017857143,0.035714286
NBR,2017Q4,2,0,0,125,0.016,0
NBR,2018Q1,1,0,0,94,0.010638298,0
NBR,2018Q2,3,-0.333333333,-1,130,0.023076923,-0.023076923
NBR,2019Q1,1,-1,-1,140,0.007142857,-0.007142857
NBR,2019Q3,1,-2,-2,157,0.006369427,-0.012738854
NBR,2020Q1,2,0,0,213,0.009389671,0
NBR,2021Q2,1,0,0,193,0.005181347,0
NBR,2022Q1,1,0,0,150,0.006666667,0
NBR,2022Q2,1,0,0,131,0.007633588,0
NBR,2022Q4,1,2,2,153,0.006535948,0.013071895
NBR,2023Q1,1,0,0,151,0.006622517,0
NBR,2023Q2,2,-0.5,-1,212,0.009433962,-0.009433962
NBR,2023Q3,2,0,0,137,0.01459854,0
NBR,2024Q3,2,0.5,1,163,0.012269939,0.012269939
NBR,2024Q4,2,-1,-2,146,0.01369863,-0.02739726
NE,2000Q3,1,0,0,8,0.125,0
NE,2002Q2,1,0,0,12,0.083333333,0
NE,2003Q4,1,2,2,11,0.090909091,0.181818182
NE,2004Q2,1,0,0,11,0.090909091,0
NE,2004Q3,1,0,0,14,0.071428571,0
NE,2007Q1,1,1,1,9,0.111111111,0.111111111
NE,2007Q3,1,0,0,12,0.083333333,0
NE,2008Q2,1,0,0,9,0.111111111,0
NE,2009Q3,1,0,0,27,0.037037037,0
NE,2012Q4,1,0,0,45,0.022222222,0
NE,2013Q1,1,-1,-1,68,0.014705882,-0.014705882
NE,2014Q3,1,0,0,39,0.025641026,0
NE,2015Q4,2,-0.5,-1,74,0.027027027,-0.027027027
NE,2016Q1,1,0,0,88,0.011363636,0
NE,2017Q1,1,0,0,73,0.01369863,0
NE,2017Q3,1,-1,-1,112,0.008928571,-0.008928571
NE,2018Q1,1,1,1,94,0.010638298,0.010638298
NE,2018Q2,1,0,0,130,0.007692308,0
NE,2019Q2,1,0,0,154,0.006493506,0
NE,2019Q4,3,-0.666666667,-2,172,0.01744186,-0.034883721
NE,2020Q2,1,1,1,190,0.005263158,0.005263158
NE,2020Q3,1,0,0,144,0.006944444,0
NE,2020Q4,1,1,1,180,0.005555556,0.005555556
NE,2021Q2,1,0,0,193,0.005181347,0
NE,2022Q3,1,0,0,103,0.009708738,0
NE,2023Q3,1,0,0,137,0.00729927,0
NE,2024Q3,1,0,0,163,0.006134969,0
NE,2024Q4,2,-0.5,-1,146,0.01369863,-0.01369863
NES,2004Q2,1,0,0,11,0.090909091,0
NES,2005Q3,1,0,0,6,0.166666667,0
NES,2010Q4,1,0,0,41,0.024390244,0
NES,2011Q3,1,0,0,28,0.035714286,0
NES,2013Q2,1,0,0,47,0.021276596,0
NES,2013Q3,1,0,0,55,0.018181818,0
NES,2013Q4,1,0,0,41,0.024390244,0
NES,2014Q1,1,-1,-1,29,0.034482759,-0.034482759
NES,2014Q3,1,2,2,39,0.025641026,0.051282051
NES,2014Q4,1,0,0,81,0.012345679,0
NES,2015Q1,1,0,0,73,0.01369863,0
NES,2015Q4,1,0,0,74,0.013513514,0
NES,2016Q4,1,0,0,73,0.01369863,0
NES,2017Q1,3,0.666666667,2,73,0.04109589,0.082191781
NES,2017Q2,1,-1,-1,98,0.010204082,-0.010204082
NES,2017Q4,1,0,0,125,0.008,0
NES,2018Q2,3,0,0,130,0.023076923,0
NES,2018Q3,1,0,0,126,0.007936508,0
NES,2019Q1,6,0.166666667,1,140,0.042857143,0.042857143
NES,2019Q2,3,0,0,154,0.019480519,0
NES,2020Q1,1,0,0,213,0.004694836,0
NES,2020Q2,2,0,0,190,0.010526316,0
NES,2020Q4,2,0,0,180,0.011111111,0
NES,2021Q1,1,0,0,215,0.004651163,0
NES,2021Q2,1,0,0,193,0.005181347,0
NES,2021Q4,3,0,0,164,0.018292683,0
NES,2023Q2,1,0,0,212,0.004716981,0
NES,2023Q3,1,0,0,137,0.00729927,0
NES,2023Q4,1,0,0,130,0.007692308,0
NES,2024Q3,1,0,0,163,0.006134969,0
NESR,2017Q2,1,1,1,98,0.010204082,0.010204082
NESR,2018Q2,1,1,1,130,0.007692308,0.007692308
NEX,2004Q3,1,0,0,14,0.071428571,0
NEX,2007Q1,1,0,0,9,0.111111111,0
NEX,2008Q4,2,0,0,18,0.111111111,0
NEX,2009Q4,2,1,2,32,0.0625,0.125
NEX,2010Q4,2,0,0,41,0.048780488,0
NEX,2011Q4,1,0,0,38,0.026315789,0
NEX,2012Q3,1,0,0,54,0.018518519,0
NEX,2013Q3,1,0,0,55,0.018181818,0
NEX,2016Q3,1,0,0,88,0.011363636,0
NEX,2016Q4,3,0,0,73,0.04109589,0
NEX,2017Q1,3,0,0,73,0.04109589,0
NEX,2017Q2,4,0,0,98,0.040816327,0
NEX,2017Q3,2,-0.5,-1,112,0.017857143,-0.017857143
NEX,2018Q1,6,0.166666667,1,94,0.063829787,0.063829787
NEX,2018Q2,2,0,0,130,0.015384615,0
NEX,2018Q3,1,0,0,126,0.007936508,0
NEX,2018Q4,3,0,0,143,0.020979021,0
NEX,2019Q1,1,0,0,140,0.007142857,0
NEX,2019Q3,11,0.090909091,1,157,0.070063694,0.070063694
NEX,2019Q4,1,0,0,172,0.005813953,0
NEX,2020Q1,3,0,0,213,0.014084507,0
NEX,2020Q2,6,-0.166666667,-1,190,0.031578947,-0.031578947
NEX,2020Q3,6,-0.333333333,-2,144,0.041666667,-0.083333333
NEX,2020Q4,4,-0.25,-1,180,0.022222222,-0.022222222
NEX,2021Q1,5,0.2,1,215,0.023255814,0.023255814
NEX,2021Q2,5,0.2,1,193,0.025906736,0.025906736
NEX,2021Q3,1,0,0,216,0.00462963,0
NEX,2021Q4,2,0,0,164,0.012195122,0
NEX,2022Q1,1,0,0,150,0.006666667,0
NEX,2022Q3,2,0,0,103,0.019417476,0
NEX,2023Q2,4,-0.5,-2,212,0.018867925,-0.037735849
NEX,2023Q3,1,0,0,137,0.00729927,0
NEX,2023Q4,1,0,0,130,0.007692308,0
NEX,2024Q1,1,0,0,128,0.0078125,0
NEX,2024Q4,1,0,0,146,0.006849315,0
PDCE,2013Q3,1,-1,-1,55,0.018181818,-0.018181818
PDCE,2016Q1,2,0,0,88,0.022727273,0
PDCE,2016Q3,3,1.333333333,4,88,0.034090909,0.136363636
PDCE,2017Q1,1,1,1,73,0.01369863,0.01369863
PDCE,2017Q2,1,-2,-2,98,0.010204082,-0.020408163
PDCE,2017Q3,1,1,1,112,0.008928571,0.008928571
PDCE,2017Q4,1,-1,-1,125,0.008,-0.008
PDCE,2019Q1,3,0,0,140,0.021428571,0
PDCE,2019Q2,1,-1,-1,154,0.006493506,-0.006493506
PDCE,2019Q3,1,2,2,157,0.006369427,0.012738854
PDCE,2020Q2,3,-0.666666667,-2,190,0.015789474,-0.031578947
PDCE,2020Q3,1,0,0,144,0.006944444,0
PDCE,2020Q4,3,0,0,180,0.016666667,0
PDCE,2022Q1,1,1,1,150,0.006666667,0.006666667
PDCE,2022Q2,1,0,0,131,0.007633588,0
PDCE,2023Q2,3,0.333333333,1,212,0.014150943,0.014150943
PDCE,2023Q4,2,0.5,1,130,0.015384615,0.015384615
PDCE,2024Q3,2,1.5,3,163,0.012269939,0.036809816
PDCE,2024Q4,1,1,1,146,0.006849315,0.006849315
PDS,2024Q4,3,0,0,146,0.020547945,0
PED,2002Q2,1,0,0,12,0.083333333,0
PED,2003Q2,1,1,1,10,0.1,0.1
PED,2009Q1,1,0,0,19,0.052631579,0
PED,2010Q2,1,1,1,55,0.018181818,0.018181818
PED,2010Q3,3,-0.333333333,-1,92,0.032608696,-0.032608696
PED,2011Q2,1,1,1,35,0.028571429,0.028571429
PED,2012Q1,1,0,0,48,0.020833333,0
PED,2012Q2,1,0,0,35,0.028571429,0
PED,2012Q3,2,0,0,54,0.037037037,0
PED,2012Q4,1,0,0,45,0.022222222,0
PED,2013Q1,4,-0.25,-1,68,0.058823529,-0.058823529
PED,2013Q2,4,0,0,47,0.085106383,0
PED,2013Q3,11,-0.363636364,-4,55,0.2,-0.8
PED,2013Q4,2,0,0,41,0.048780488,0
PED,2014Q1,3,-0.333333333,-1,29,0.103448276,-0.103448276
PED,2014Q2,5,-0.6,-3,38,0.131578947,-0.394736842
PED,2014Q3,1,0,0,39,0.025641026,0
PED,2014Q4,2,-0.5,-1,81,0.024691358,-0.024691358
PED,2015Q1,5,-0.6,-3,73,0.068493151,-0.205479452
PED,2015Q2,4,0,0,59,0.06779661,0
PED,2015Q3,2,-0.5,-1,95,0.021052632,-0.021052632
PED,2015Q4,1,0,0,74,0.013513514,0
PED,2016Q1,3,0,0,88,0.034090909,0
PED,2016Q3,3,0,0,88,0.034090909,0
PED,2017Q2,1,1,1,98,0.010204082,0.010204082
PED,2018Q2,1,0,0,130,0.007692308,0
PED,2019Q3,1,0,0,157,0.006369427,0
PED,2020Q3,1,0,0,144,0.006944444,0
PED,2021Q1,2,-0.5,-1,215,0.009302326,-0.009302326
PED,2022Q1,1,0,0,150,0.006666667,0
PED,2022Q2,1,0,0,131,0.007633588,0
PED,2022Q3,4,0.75,3,103,0.038834951,0.116504854
PED,2022Q4,3,0.333333333,1,153,0.019607843,0.019607843
PED,2023Q2,1,0,0,212,0.004716981,0
PED,2024Q4,1,-1,-1,146,0.006849315,-0.006849315
PHX,2009Q1,1,0,0,19,0.052631579,0
PHX,2010Q3,1,-1,-1,92,0.010869565,-0.010869565
PHX,2011Q4,1,0,0,38,0.026315789,0
PHX,2018Q2,1,0,0,130,0.007692308,0
PHX,2019Q4,1,0,0,172,0.005813953,0
PHX,2022Q1,1,0,0,150,0.006666667,0
PHX,2023Q2,2,0,0,212,0.009433962,0
PHX,2024Q4,1,-1,-1,146,0.006849315,-0.006849315
PNRG,2024Q3,1,-1,-1,163,0.006134969,-0.006134969
PR,1998Q4,1,1,1,8,0.125,0.125
PR,1999Q4,1,0,0,6,0.166666667,0
PR,2000Q1,2,1,2,8,0.25,0.5
PR,2000Q2,2,0.5,1,10,0.2,0.2
PR,2000Q3,2,0,0,8,0.25,0
PR,2001Q1,1,0,0,22,0.045454545,0
PR,2002Q3,3,0.333333333,1,8,0.375,0.375
PR,2002Q4,2,0,0,9,0.222222222,0
PR,2004Q1,1,0,0,19,0.052631579,0
PR,2004Q2,2,0,0,11,0.181818182,0
PR,2004Q3,2,0,0,14,0.142857143,0
PR,2004Q4,1,1,1,12,0.083333333,0.083333333
PR,2006Q2,2,0.5,1,16,0.125,0.125
PR,2006Q3,3,-0.666666667,-2,18,0.166666667,-0.333333333
PR,2006Q4,1,0,0,10,0.1,0
PR,2007Q1,1,1,1,9,0.111111111,0.111111111
PR,2007Q2,2,-0.5,-1,23,0.086956522,-0.086956522
PR,2007Q3,2,0,0,12,0.166666667,0
PR,2008Q2,2,0.5,1,9,0.222222222,0.222222222
PR,2009Q3,1,0,0,27,0.037037037,0
PR,2010Q1,1,0,0,25,0.04,0
PR,2010Q3,2,0,0,92,0.02173913,0
PR,2010Q4,1,0,0,41,0.024390244,0
PR,2011Q1,1,0,0,39,0.025641026,0
PR,2011Q2,1,0,0,35,0.028571429,0
PR,2011Q3,2,0,0,28,0.071428571,0
PR,2011Q4,1,0,0,38,0.026315789,0
PR,2012Q3,2,0.5,1,54,0.037037037,0.037037037
PR,2013Q2,1,0,0,47,0.021276596,0
PR,2013Q3,2,0,0,55,0.036363636,0
PR,2013Q4,1,0,0,41,0.024390244,0
PR,2014Q3,2,0,0,39,0.051282051,0
PR,2015Q1,2,0,0,73,0.02739726,0
PR,2015Q4,4,0,0,74,0.054054054,0
PR,2016Q1,2,0,0,88,0.022727273,0
PR,2016Q2,1,0,0,90,0.011111111,0
PR,2016Q3,1,0,0,88,0.011363636,0
PR,2016Q4,1,0,0,73,0.01369863,0
PR,2017Q1,1,0,0,73,0.01369863,0
PR,2017Q2,1,0,0,98,0.010204082,0
PR,2017Q3,10,0.1,1,112,0.089285714,0.089285714
PR,2017Q4,2,0,0,125,0.016,0
PR,2018Q1,1,0,0,94,0.010638298,0
PR,2018Q2,2,0,0,130,0.015384615,0
PR,2018Q3,4,0,0,126,0.031746032,0
PR,2018Q4,3,0,0,143,0.020979021,0
PR,2019Q1,2,0.5,1,140,0.014285714,0.014285714
PR,2019Q2,1,0,0,154,0.006493506,0
PR,2019Q3,3,0.333333333,1,157,0.01910828,0.01910828
PR,2019Q4,1,0,0,172,0.005813953,0
PR,2020Q1,5,0,0,213,0.023474178,0
PR,2020Q2,4,0,0,190,0.021052632,0
PR,2020Q3,3,0.333333333,1,144,0.020833333,0.020833333
PR,2020Q4,7,0.428571429,3,180,0.038888889,0.116666667
PR,2021Q1,5,0,0,215,0.023255814,0
PR,2021Q2,4,0.25,1,193,0.020725389,0.020725389
PR,2021Q3,3,0,0,216,0.013888889,0
PR,2021Q4,1,1,1,164,0.006097561,0.006097561
PR,2022Q1,4,0,0,150,0.026666667,0
PR,2022Q2,1,0,0,131,0.007633588,0
PR,2022Q3,5,0,0,103,0.048543689,0
PR,2022Q4,3,0,0,153,0.019607843,0
PR,2023Q2,3,0.666666667,2,212,0.014150943,0.028301887
PR,2023Q3,1,0,0,137,0.00729927,0
PR,2023Q4,2,0.5,1,130,0.015384615,0.015384615
PR,2024Q1,3,0.333333333,1,128,0.0234375,0.0234375
PR,2024Q2,1,0,0,102,0.009803922,0
PR,2024Q3,8,-0.375,-3,163,0.049079755,-0.147239264
PR,2024Q4,4,0,0,146,0.02739726,0
PTEN,2003Q4,1,0,0,11,0.090909091,0
PTEN,2004Q2,1,1,1,11,0.090909091,0.090909091
PTEN,2005Q1,1,-1,-1,17,0.058823529,-0.058823529
PTEN,2005Q3,1,1,1,6,0.166666667,0.166666667
PTEN,2005Q4,2,-1.5,-3,17,0.117647059,-0.352941176
PTEN,2009Q2,1,-1,-1,15,0.066666667,-0.066666667
PTEN,2009Q3,1,1,1,27,0.037037037,0.037037037
PTEN,2010Q1,1,1,1,25,0.04,0.04
PTEN,2010Q3,1,-1,-1,92,0.010869565,-0.010869565
PTEN,2011Q1,1,0,0,39,0.025641026,0
PTEN,2011Q3,1,1,1,28,0.035714286,0.035714286
PTEN,2015Q2,1,-1,-1,59,0.016949153,-0.016949153
PTEN,2016Q4,2,1.5,3,73,0.02739726,0.082191781
PTEN,2017Q1,1,1,1,73,0.01369863,0.01369863
PTEN,2017Q3,1,1,1,112,0.008928571,0.008928571
PTEN,2019Q2,1,2,2,154,0.006493506,0.012987013
PTEN,2019Q3,1,-2,-2,157,0.006369427,-0.012738854
PTEN,2020Q1,1,-1,-1,213,0.004694836,-0.004694836
PTEN,2020Q2,1,0,0,190,0.005263158,0
PTEN,2021Q1,1,1,1,215,0.004651163,0.004651163
PTEN,2022Q1,1,0,0,150,0.006666667,0
PTEN,2023Q2,3,0.666666667,2,212,0.014150943,0.028301887
PTEN,2024Q3,1,2,2,163,0.006134969,0.012269939
PTEN,2024Q4,4,-0.25,-1,146,0.02739726,-0.02739726
PUMP,2014Q3,1,0,0,39,0.025641026,0
PUMP,2017Q2,2,1.5,3,98,0.020408163,0.06122449
PUMP,2019Q3,2,1.5,3,157,0.012738854,0.038216561
PUMP,2019Q4,5,-1.2,-6,172,0.029069767,-0.174418605
PUMP,2020Q1,2,-2,-4,213,0.009389671,-0.037558685
PUMP,2020Q2,3,-0.666666667,-2,190,0.015789474,-0.031578947
PUMP,2020Q3,1,0,0,144,0.006944444,0
PUMP,2020Q4,2,0.5,1,180,0.011111111,0.011111111
PUMP,2021Q1,2,0,0,215,0.009302326,0
PUMP,2021Q2,3,0.333333333,1,193,0.015544041,0.015544041
PUMP,2021Q3,3,0.333333333,1,216,0.013888889,0.013888889
PUMP,2021Q4,2,-0.5,-1,164,0.012195122,-0.012195122
PUMP,2022Q1,1,1,1,150,0.006666667,0.006666667
PUMP,2022Q2,1,0,0,131,0.007633588,0
PUMP,2024Q3,4,1.25,5,163,0.024539877,0.122699387
PUMP,2024Q4,1,1,1,146,0.006849315,0.006849315
RES,2013Q3,1,0,0,55,0.018181818,0
RES,2014Q1,1,1,1,29,0.034482759,0.034482759
RES,2016Q2,1,0,0,90,0.011111111,0
RES,2024Q2,1,1,1,102,0.009803922,0.009803922
RES,2024Q4,4,1,4,146,0.02739726,0.109589041
RIG,2000Q2,1,0,0,10,0.1,0
RIG,2004Q3,1,1,1,14,0.071428571,0.071428571
RIG,2005Q4,1,-1,-1,17,0.058823529,-0.058823529
RIG,2007Q3,1,0,0,12,0.083333333,0
RIG,2008Q3,1,1,1,8,0.125,0.125
RIG,2009Q4,1,1,1,32,0.03125,0.03125
RIG,2010Q1,1,1,1,25,0.04,0.04
RIG,2010Q2,9,-0.888888889,-8,55,0.163636364,-1.309090909
RIG,2010Q3,10,-0.3,-3,92,0.108695652,-0.326086957
RIG,2010Q4,4,0.75,3,41,0.097560976,0.292682927
RIG,2011Q2,3,-0.333333333,-1,35,0.085714286,-0.085714286
RIG,2011Q4,2,-2,-4,38,0.052631579,-0.210526316
RIG,2012Q1,12,-0.583333333,-7,48,0.25,-1.75
RIG,2012Q2,3,-1,-3,35,0.085714286,-0.257142857
RIG,2012Q3,6,-1.166666667,-7,54,0.111111111,-0.777777778
RIG,2012Q4,4,-0.5,-2,45,0.088888889,-0.177777778
RIG,2013Q1,15,-0.6,-9,68,0.220588235,-1.985294118
RIG,2013Q2,2,0,0,47,0.042553191,0
RIG,2013Q3,2,-0.5,-1,55,0.036363636,-0.036363636
RIG,2013Q4,4,0,0,41,0.097560976,0
RIG,2014Q3,4,-0.75,-3,39,0.102564103,-0.307692308
RIG,2014Q4,1,-2,-2,81,0.012345679,-0.024691358
RIG,2015Q1,3,-1.333333333,-4,73,0.04109589,-0.164383562
RIG,2015Q2,3,0.333333333,1,59,0.050847458,0.050847458
RIG,2015Q3,7,-0.571428571,-4,95,0.073684211,-0.294736842
RIG,2015Q4,1,-1,-1,74,0.013513514,-0.013513514
RIG,2016Q1,2,0,0,88,0.022727273,0
RIG,2016Q2,3,-0.666666667,-2,90,0.033333333,-0.066666667
RIG,2016Q3,1,1,1,88,0.011363636,0.011363636
RIG,2016Q4,4,0.25,1,73,0.054794521,0.054794521
RIG,2017Q1,8,-0.125,-1,73,0.109589041,-0.109589041
RIG,2017Q2,5,0.2,1,98,0.051020408,0.051020408
RIG,2017Q3,5,-0.4,-2,112,0.044642857,-0.089285714
RIG,2017Q4,9,0,0,125,0.072,0
RIG,2018Q1,13,0.769230769,10,94,0.138297872,1.382978723
RIG,2018Q2,11,-0.090909091,-1,130,0.084615385,-0.084615385
RIG,2018Q3,18,0.777777778,14,126,0.142857143,2
RIG,2018Q4,6,1,6,143,0.041958042,0.251748252
RIG,2019Q1,9,0.333333333,3,140,0.064285714,0.192857143
RIG,2019Q2,7,0.428571429,3,154,0.045454545,0.136363636
RIG,2019Q3,6,0.166666667,1,157,0.038216561,0.038216561
RIG,2019Q4,6,0,0,172,0.034883721,0
RIG,2020Q1,8,-0.5,-4,213,0.037558685,-0.150234742
RIG,2020Q2,2,-1,-2,190,0.010526316,-0.021052632
RIG,2020Q3,2,0.5,1,144,0.013888889,0.013888889
RIG,2020Q4,6,-0.166666667,-1,180,0.033333333,-0.033333333
RIG,2021Q1,2,1,2,215,0.009302326,0.018604651
RIG,2021Q2,2,0,0,193,0.010362694,0
RIG,2021Q3,2,1,2,216,0.009259259,0.018518519
RIG,2021Q4,1,2,2,164,0.006097561,0.012195122
RIG,2022Q1,2,0,0,150,0.013333333,0
RIG,2022Q3,1,-1,-1,103,0.009708738,-0.009708738
RIG,2022Q4,1,1,1,153,0.006535948,0.006535948
RIG,2023Q2,1,0,0,212,0.004716981,0
RIG,2023Q4,1,0,0,130,0.007692308,0
RIG,2024Q2,1,0,0,102,0.009803922,0
RIG,2024Q3,2,0.5,1,163,0.012269939,0.012269939
RIG,2024Q4,4,0,0,146,0.02739726,0
RNGR,2024Q3,1,2,2,163,0.006134969,0.012269939
RNGR,2024Q4,4,-1.25,-5,146,0.02739726,-0.136986301
SD,2002Q1,1,0,0,32,0.03125,0
SD,2009Q3,1,1,1,27,0.037037037,0.037037037
SD,2013Q1,1,-1,-1,68,0.014705882,-0.014705882
SD,2015Q3,1,1,1,95,0.010526316,0.010526316
SD,2016Q1,9,-1.666666667,-15,88,0.102272727,-1.534090909
SD,2016Q2,3,-1.333333333,-4,90,0.033333333,-0.133333333
SD,2016Q3,3,-0.666666667,-2,88,0.034090909,-0.068181818
SD,2017Q1,1,0,0,73,0.01369863,0
SD,2017Q4,13,-0.307692308,-4,125,0.104,-0.416
SD,2018Q1,11,-0.454545455,-5,94,0.117021277,-0.585106383
SD,2018Q2,11,-0.454545455,-5,130,0.084615385,-0.423076923
SD,2018Q3,3,-0.666666667,-2,126,0.023809524,-0.047619048
SD,2020Q1,1,0,0,213,0.004694836,0
SD,2020Q2,1,0,0,190,0.005263158,0
SDRL,2024Q3,1,1,1,163,0.006134969,0.006134969
SDRL,2024Q4,3,0.666666667,2,146,0.020547945,0.04109589
SDRL,2025Q1,1,1,1,9,0.111111111,0.111111111
SLB,2000Q2,1,1,1,10,0.1,0.1
SLB,2002Q2,2,-0.5,-1,12,0.166666667,-0.166666667
SLB,2003Q1,1,1,1,3,0.333333333,0.333333333
SLB,2003Q3,1,-1,-1,4,0.25,-0.25
SLB,2003Q4,1,-1,-1,11,0.090909091,-0.090909091
SLB,2004Q1,3,1,3,19,0.157894737,0.473684211
SLB,2004Q3,3,-0.333333333,-1,14,0.214285714,-0.214285714
SLB,2004Q4,1,0,0,12,0.083333333,0
SLB,2005Q1,1,-1,-1,17,0.058823529,-0.058823529
SLB,2005Q3,1,1,1,6,0.166666667,0.166666667
SLB,2005Q4,1,1,1,17,0.058823529,0.058823529
SLB,2006Q1,2,0,0,10,0.2,0
SLB,2006Q2,1,0,0,16,0.0625,0
SLB,2007Q2,1,0,0,23,0.043478261,0
SLB,2007Q3,2,0.5,1,12,0.166666667,0.166666667
SLB,2007Q4,2,0,0,6,0.333333333,0
SLB,2008Q4,3,-1,-3,18,0.166666667,-0.5
SLB,2009Q1,3,-0.333333333,-1,19,0.157894737,-0.157894737
SLB,2009Q2,3,0.333333333,1,15,0.2,0.2
SLB,2009Q3,2,-1.5,-3,27,0.074074074,-0.222222222
SLB,2010Q1,2,2,4,25,0.08,0.32
SLB,2010Q3,1,-1,-1,92,0.010869565,-0.010869565
SLB,2010Q4,6,0.166666667,1,41,0.146341463,0.146341463
SLB,2011Q1,2,0.5,1,39,0.051282051,0.051282051
SLB,2011Q2,2,1,2,35,0.057142857,0.114285714
SLB,2011Q3,2,1.5,3,28,0.071428571,0.214285714
SLB,2011Q4,1,1,1,38,0.026315789,0.026315789
SLB,2012Q1,2,-0.5,-1,48,0.041666667,-0.041666667
SLB,2012Q2,6,-0.333333333,-2,35,0.171428571,-0.342857143
SLB,2012Q3,2,1,2,54,0.037037037,0.074074074
SLB,2012Q4,4,0.5,2,45,0.088888889,0.177777778
SLB,2013Q1,2,-0.5,-1,68,0.029411765,-0.029411765
SLB,2013Q2,2,1.5,3,47,0.042553191,0.127659574
SLB,2013Q3,6,1,6,55,0.109090909,0.654545455
SLB,2013Q4,2,1.5,3,41,0.048780488,0.146341463
SLB,2014Q1,1,-1,-1,29,0.034482759,-0.034482759
SLB,2014Q2,7,-0.285714286,-2,38,0.184210526,-0.368421053
SLB,2014Q3,1,2,2,39,0.025641026,0.051282051
SLB,2014Q4,5,-1,-5,81,0.061728395,-0.308641975
SLB,2015Q1,6,-0.5,-3,73,0.082191781,-0.246575342
SLB,2015Q2,1,0,0,59,0.016949153,0
SLB,2015Q3,13,-0.153846154,-2,95,0.136842105,-0.273684211
SLB,2015Q4,5,-0.8,-4,74,0.067567568,-0.27027027
SLB,2016Q1,3,0.333333333,1,88,0.034090909,0.034090909
SLB,2016Q2,9,0,0,90,0.1,0
SLB,2016Q3,3,-1.333333333,-4,88,0.034090909,-0.136363636
SLB,2016Q4,3,0,0,73,0.04109589,0
SLB,2017Q1,3,0.333333333,1,73,0.04109589,0.04109589
SLB,2017Q2,5,0.2,1,98,0.051020408,0.051020408
SLB,2017Q3,9,0.333333333,3,112,0.080357143,0.241071429
SLB,2017Q4,9,0,0,125,0.072,0
SLB,2018Q1,1,0,0,94,0.010638298,0
SLB,2018Q2,6,0.333333333,2,130,0.046153846,0.092307692
SLB,2018Q3,3,0.666666667,2,126,0.023809524,0.047619048
SLB,2018Q4,8,-0.125,-1,143,0.055944056,-0.055944056
SLB,2019Q1,11,-0.272727273,-3,140,0.078571429,-0.235714286
SLB,2019Q2,9,0.222222222,2,154,0.058441558,0.116883117
SLB,2019Q3,11,0.181818182,2,157,0.070063694,0.140127389
SLB,2019Q4,10,-0.4,-4,172,0.058139535,-0.23255814
SLB,2020Q1,7,-0.571428571,-4,213,0.03286385,-0.131455399
SLB,2020Q2,8,-1.25,-10,190,0.042105263,-0.421052632
SLB,2020Q3,12,-0.583333333,-7,144,0.083333333,-0.583333333
SLB,2020Q4,11,-0.636363636,-7,180,0.061111111,-0.427777778
SLB,2021Q1,11,0.090909091,1,215,0.051162791,0.051162791
SLB,2021Q2,10,0.5,5,193,0.051813472,0.259067358
SLB,2021Q3,27,0.185185185,5,216,0.125,0.625
SLB,2021Q4,7,0.571428571,4,164,0.042682927,0.170731707
SLB,2022Q1,8,0.375,3,150,0.053333333,0.16
SLB,2022Q2,10,-0.1,-1,131,0.076335878,-0.076335878
SLB,2022Q3,10,0.4,4,103,0.097087379,0.388349515
SLB,2022Q4,12,0.25,3,153,0.078431373,0.235294118
SLB,2023Q1,12,0.75,9,151,0.079470199,0.715231788
SLB,2023Q2,16,0.375,6,212,0.075471698,0.452830189
SLB,2023Q3,18,-0.222222222,-4,137,0.131386861,-0.525547445
SLB,2023Q4,14,0.357142857,5,130,0.107692308,0.538461538
SLB,2024Q1,6,0.5,3,128,0.046875,0.140625
SLB,2024Q2,9,0.333333333,3,102,0.088235294,0.264705882
SLB,2024Q3,11,0.090909091,1,163,0.067484663,0.067484663
SLB,2024Q4,5,-0.4,-2,146,0.034246575,-0.068493151
STR,1999Q3,1,1,1,14,0.071428571,0.071428571
STR,2004Q4,1,0,0,12,0.083333333,0
STR,2006Q4,1,0,0,10,0.1,0
STR,2008Q4,1,0,0,18,0.055555556,0
STR,2009Q2,1,0,0,15,0.066666667,0
STR,2009Q4,2,-0.5,-1,32,0.0625,-0.0625
STR,2010Q2,3,0,0,55,0.054545455,0
STR,2010Q3,2,-0.5,-1,92,0.02173913,-0.02173913
STR,2011Q3,1,1,1,28,0.035714286,0.035714286
STR,2012Q2,1,-1,-1,35,0.028571429,-0.028571429
STR,2012Q3,1,0,0,54,0.018518519,0
STR,2012Q4,1,-1,-1,45,0.022222222,-0.022222222
STR,2013Q1,2,-0.5,-1,68,0.029411765,-0.029411765
STR,2013Q2,1,-1,-1,47,0.021276596,-0.021276596
STR,2013Q3,5,0.4,2,55,0.090909091,0.181818182
STR,2013Q4,1,0,0,41,0.024390244,0
STR,2014Q1,1,1,1,29,0.034482759,0.034482759
STR,2014Q2,1,0,0,38,0.026315789,0
STR,2014Q3,1,0,0,39,0.025641026,0
STR,2014Q4,3,-0.333333333,-1,81,0.037037037,-0.037037037
STR,2015Q1,8,-0.125,-1,73,0.109589041,-0.109589041
STR,2015Q2,4,0,0,59,0.06779661,0
STR,2015Q3,7,-0.285714286,-2,95,0.073684211,-0.147368421
STR,2015Q4,2,-0.5,-1,74,0.027027027,-0.027027027
STR,2016Q1,4,0,0,88,0.045454545,0
STR,2016Q2,1,0,0,90,0.011111111,0
STR,2016Q3,5,0,0,88,0.056818182,0
STR,2016Q4,1,0,0,73,0.01369863,0
STR,2017Q1,2,0,0,73,0.02739726,0
STR,2017Q3,4,0,0,112,0.035714286,0
STR,2018Q1,3,0,0,94,0.031914894,0
STR,2018Q2,2,0.5,1,130,0.015384615,0.015384615
STR,2018Q3,2,0.5,1,126,0.015873016,0.015873016
STR,2018Q4,4,0,0,143,0.027972028,0
STR,2019Q1,5,-0.2,-1,140,0.035714286,-0.035714286
STR,2019Q2,7,-0.142857143,-1,154,0.045454545,-0.045454545
STR,2019Q3,6,0,0,157,0.038216561,0
STR,2019Q4,8,-0.125,-1,172,0.046511628,-0.046511628
STR,2020Q1,25,-0.44,-11,213,0.117370892,-1.291079812
STR,2020Q2,22,-0.318181818,-7,190,0.115789474,-0.810526316
STR,2020Q3,22,-0.090909091,-2,144,0.152777778,-0.305555556
STR,2020Q4,15,-0.333333333,-5,180,0.083333333,-0.416666667
STR,2021Q1,24,0.125,3,215,0.111627907,0.334883721
STR,2021Q2,14,0.142857143,2,193,0.07253886,0.14507772
STR,2021Q3,18,0.111111111,2,216,0.083333333,0.166666667
STR,2021Q4,14,-0.071428571,-1,164,0.085365854,-0.085365854
STR,2022Q1,8,0.125,1,150,0.053333333,0.053333333
STR,2022Q2,8,0,0,131,0.061068702,0
STR,2022Q3,21,-0.142857143,-3,103,0.203883495,-0.611650485
STR,2022Q4,4,0.5,2,153,0.026143791,0.052287582
STR,2023Q1,6,0.166666667,1,151,0.039735099,0.039735099
STR,2023Q2,12,0.166666667,2,212,0.056603774,0.113207547
STR,2023Q3,12,0.083333333,1,137,0.087591241,0.087591241
STR,2023Q4,7,-0.142857143,-1,130,0.053846154,-0.053846154
STR,2024Q1,5,0.2,1,128,0.0390625,0.0390625
STR,2024Q2,5,0,0,102,0.049019608,0
STR,2024Q3,2,0,0,163,0.012269939,0
STR,2024Q4,2,0.5,1,146,0.01369863,0.01369863
TTI,2000Q2,2,0.5,1,10,0.2,0.2
TTI,2001Q4,1,0,0,12,0.083333333,0
TTI,2002Q1,2,0,0,32,0.0625,0
TTI,2004Q1,1,0,0,19,0.052631579,0
TTI,2006Q4,1,0,0,10,0.1,0
TTI,2007Q3,1,1,1,12,0.083333333,0.083333333
TTI,2008Q2,1,-1,-1,9,0.111111111,-0.111111111
TTI,2008Q4,1,-2,-2,18,0.055555556,-0.111111111
TTI,2009Q1,1,-1,-1,19,0.052631579,-0.052631579
TTI,2009Q3,3,0,0,27,0.111111111,0
TTI,2009Q4,2,0,0,32,0.0625,0
TTI,2010Q1,1,1,1,25,0.04,0.04
TTI,2010Q2,1,0,0,55,0.018181818,0
TTI,2010Q4,1,0,0,41,0.024390244,0
TTI,2011Q1,2,0,0,39,0.051282051,0
TTI,2016Q2,1,0,0,90,0.011111111,0
TTI,2016Q4,1,0,0,73,0.01369863,0
TTI,2017Q1,5,0,0,73,0.068493151,0
TTI,2017Q4,1,0,0,125,0.008,0
TTI,2018Q3,1,0,0,126,0.007936508,0
TTI,2019Q3,2,0,0,157,0.012738854,0
TTI,2020Q1,5,-0.2,-1,213,0.023474178,-0.023474178
TTI,2020Q3,2,0.5,1,144,0.013888889,0.013888889
TTI,2020Q4,4,0,0,180,0.022222222,0
TTI,2021Q1,1,0,0,215,0.004651163,0
TTI,2021Q2,1,0,0,193,0.005181347,0
TTI,2021Q3,2,-0.5,-1,216,0.009259259,-0.009259259
TTI,2021Q4,2,0,0,164,0.012195122,0
TTI,2022Q4,2,0,0,153,0.013071895,0
TTI,2023Q1,1,0,0,151,0.006622517,0
TTI,2023Q2,1,-1,-1,212,0.004716981,-0.004716981
TTI,2023Q4,1,0,0,130,0.007692308,0
TTI,2024Q4,1,0,0,146,0.006849315,0
TUSK,2015Q2,1,1,1,59,0.016949153,0.016949153
TUSK,2017Q1,1,2,2,73,0.01369863,0.02739726
TUSK,2018Q3,1,0,0,126,0.007936508,0
TUSK,2024Q3,1,0,0,163,0.006134969,0
TUSK,2024Q4,2,0,0,146,0.01369863,0
USEG,2016Q4,1,1,1,73,0.01369863,0.01369863
USEG,2024Q3,6,0.166666667,1,163,0.036809816,0.036809816
USEG,2024Q4,1,1,1,146,0.006849315,0.006849315
USEG,2025Q1,1,1,1,9,0.111111111,0.111111111
VAL,2015Q3,1,1,1,95,0.010526316,0.010526316
VAL,2024Q4,2,0,0,146,0.01369863,0
VEI,2021Q3,4,0,0,216,0.018518519,0
VEI,2021Q4,2,0.5,1,164,0.012195122,0.012195122
VOC,1999Q2,1,0,0,6,0.166666667,0
VOC,2001Q4,1,1,1,12,0.083333333,0.083333333
VOC,2005Q2,1,0,0,18,0.055555556,0
VOC,2009Q1,1,0,0,19,0.052631579,0
VOC,2011Q1,1,0,0,39,0.025641026,0
VOC,2013Q4,1,0,0,41,0.024390244,0
VOC,2015Q2,1,1,1,59,0.016949153,0.016949153
VOC,2015Q3,1,0,0,95,0.010526316,0
VOC,2015Q4,2,-0.5,-1,74,0.027027027,-0.027027027
VOC,2016Q2,1,1,1,90,0.011111111,0.011111111
VOC,2017Q2,2,-0.5,-1,98,0.020408163,-0.020408163
VOC,2017Q3,1,0,0,112,0.008928571,0
VOC,2017Q4,1,0,0,125,0.008,0
VOC,2018Q1,2,0,0,94,0.021276596,0
VOC,2018Q2,3,0,0,130,0.023076923,0
VOC,2018Q3,5,-0.2,-1,126,0.03968254,-0.03968254
VOC,2018Q4,1,-1,-1,143,0.006993007,-0.006993007
VOC,2019Q1,2,0,0,140,0.014285714,0
VOC,2019Q2,1,-1,-1,154,0.006493506,-0.006493506
VOC,2019Q3,2,-1,-2,157,0.012738854,-0.025477707
VOC,2019Q4,1,0,0,172,0.005813953,0
VOC,2020Q1,1,-2,-2,213,0.004694836,-0.009389671
VOC,2020Q2,1,0,0,190,0.005263158,0
VOC,2020Q3,4,0,0,144,0.027777778,0
VOC,2020Q4,4,0,0,180,0.022222222,0
VOC,2021Q1,5,-0.2,-1,215,0.023255814,-0.023255814
VOC,2021Q2,17,-0.176470588,-3,193,0.088082902,-0.264248705
VOC,2021Q3,8,0,0,216,0.037037037,0
VOC,2021Q4,10,-0.1,-1,164,0.06097561,-0.06097561
VOC,2022Q1,1,0,0,150,0.006666667,0
VOC,2022Q2,2,-1,-2,131,0.015267176,-0.030534351
VOC,2022Q4,5,0.4,2,153,0.032679739,0.065359477
VOC,2023Q1,2,0.5,1,151,0.013245033,0.013245033
VOC,2023Q2,2,0.5,1,212,0.009433962,0.009433962
VOC,2024Q4,1,1,1,146,0.006849315,0.006849315
VTLE,2023Q2,1,2,2,212,0.004716981,0.009433962
VTLE,2024Q3,2,0.5,1,163,0.012269939,0.012269939
VTLE,2024Q4,3,-0.333333333,-1,146,0.020547945,-0.020547945
VTS,2013Q4,1,0,0,41,0.024390244,0
VTS,2015Q2,1,0,0,59,0.016949153,0
VTS,2015Q4,1,0,0,74,0.013513514,0
VTS,2016Q4,1,0,0,73,0.01369863,0
VTS,2017Q2,2,0.5,1,98,0.020408163,0.020408163
VTS,2018Q2,4,-0.25,-1,130,0.030769231,-0.030769231
VTS,2018Q4,2,0,0,143,0.013986014,0
VTS,2019Q2,1,0,0,154,0.006493506,0
VTS,2019Q3,3,0,0,157,0.01910828,0
VTS,2019Q4,1,0,0,172,0.005813953,0
VTS,2020Q1,2,0,0,213,0.009389671,0
VTS,2020Q4,2,0,0,180,0.011111111,0
VTS,2021Q1,8,0,0,215,0.037209302,0
VTS,2021Q2,3,0,0,193,0.015544041,0
VTS,2021Q3,1,1,1,216,0.00462963,0.00462963
VTS,2021Q4,3,0,0,164,0.018292683,0
VTS,2022Q1,1,0,0,150,0.006666667,0
VTS,2022Q2,1,0,0,131,0.007633588,0
VTS,2022Q3,3,-0.333333333,-1,103,0.029126214,-0.029126214
VTS,2022Q4,1,0,0,153,0.006535948,0
VTS,2023Q1,3,-0.666666667,-2,151,0.01986755,-0.039735099
VTS,2023Q2,1,0,0,212,0.004716981,0
VTS,2023Q3,1,0,0,137,0.00729927,0
VTS,2023Q4,1,0,0,130,0.007692308,0
VTS,2024Q2,4,0,0,102,0.039215686,0
WLL,1999Q3,1,0,0,14,0.071428571,0
WLL,1999Q4,1,0,0,6,0.166666667,0
WLL,2000Q1,1,0,0,8,0.125,0
WLL,2000Q4,3,0,0,9,0.333333333,0
WLL,2001Q1,5,0.2,1,22,0.227272727,0.227272727
WLL,2001Q2,5,0,0,11,0.454545455,0
WLL,2001Q3,1,0,0,10,0.1,0
WLL,2003Q4,2,1,2,11,0.181818182,0.363636364
WLL,2004Q1,3,1,3,19,0.157894737,0.473684211
WLL,2010Q3,1,1,1,92,0.010869565,0.010869565
WLL,2013Q4,1,1,1,41,0.024390244,0.024390244
WLL,2014Q1,1,-1,-1,29,0.034482759,-0.034482759
WLL,2014Q3,1,2,2,39,0.025641026,0.051282051
WLL,2014Q4,4,-0.75,-3,81,0.049382716,-0.148148148
WLL,2015Q1,11,-0.545454545,-6,73,0.150684932,-0.904109589
WLL,2015Q2,2,0,0,59,0.033898305,0
WLL,2015Q3,5,-1.2,-6,95,0.052631579,-0.315789474
WLL,2015Q4,2,-1.5,-3,74,0.027027027,-0.081081081
WLL,2016Q1,1,-2,-2,88,0.011363636,-0.022727273
WLL,2016Q3,2,0.5,1,88,0.022727273,0.022727273
WLL,2017Q2,3,-0.333333333,-1,98,0.030612245,-0.030612245
WLL,2017Q4,1,-1,-1,125,0.008,-0.008
WLL,2018Q1,2,0,0,94,0.021276596,0
WLL,2018Q2,1,-1,-1,130,0.007692308,-0.007692308
WLL,2018Q4,1,-1,-1,143,0.006993007,-0.006993007
WLL,2019Q1,4,0.5,2,140,0.028571429,0.057142857
WLL,2019Q2,2,-1.5,-3,154,0.012987013,-0.038961039
WLL,2019Q3,2,1.5,3,157,0.012738854,0.038216561
WLL,2019Q4,4,-0.75,-3,172,0.023255814,-0.069767442
WLL,2020Q1,8,-1.5,-12,213,0.037558685,-0.450704225
WLL,2020Q2,21,-1.571428571,-33,190,0.110526316,-3.647368421
WLL,2020Q3,8,-0.75,-6,144,0.055555556,-0.333333333
WLL,2020Q4,1,-1,-1,180,0.005555556,-0.005555556
WLL,2021Q1,1,0,0,215,0.004651163,0
WLL,2021Q2,1,1,1,193,0.005181347,0.005181347
WLL,2022Q1,3,1.333333333,4,150,0.02,0.08
WLL,2025Q1,1,1,1,9,0.111111111,0.111111111
XOG,2016Q4,4,0.75,3,73,0.054794521,0.164383562
XOG,2019Q2,1,-1,-1,154,0.006493506,-0.006493506
XOG,2021Q2,3,0,0,193,0.015544041,0
