topic,quarter,total_mentions,avg_sentiment,sum_sentiment,quarter_total_mentions,mention_percentage,weighted_sentiment,topic_type
all,2011Q1,39,0.051282051,2,39,1,2,all
all,2011Q2,35,0.2,7,35,1,7,all
all,2011Q3,28,0.25,7,28,1,7,all
all,2011Q4,38,-0.078947368,-3,38,1,-3,all
all,2012Q1,48,-0.145833333,-7,48,1,-7,all
all,2012Q2,35,-0.2,-7,35,1,-7,all
all,2012Q3,54,-0.055555556,-3,54,1,-3,all
all,2012Q4,45,-0.088888889,-4,45,1,-4,all
all,2013Q1,68,-0.294117647,-20,68,1,-20,all
all,2013Q2,47,-0.021276596,-1,47,1,-1,all
all,2013Q3,55,-0.090909091,-5,55,1,-5,all
all,2013Q4,41,0.073170732,3,41,1,3,all
all,2014Q1,29,0,0,29,1,0,all
all,2014Q2,38,-0.026315789,-1,38,1,-1,all
all,2014Q3,39,-0.025641026,-1,39,1,-1,all
all,2014Q4,81,-0.098765432,-8,81,1,-8,all
all,2015Q1,73,-0.301369863,-22,73,1,-22,all
all,2015Q2,59,0.06779661,4,59,1,4,all
all,2015Q3,95,-0.242105263,-23,95,1,-23,all
all,2015Q4,74,-0.243243243,-18,74,1,-18,all
all,2016Q1,88,-0.238636364,-21,88,1,-21,all
all,2016Q2,90,-0.211111111,-19,90,1,-19,all
all,2016Q3,88,-0.011363636,-1,88,1,-1,all
all,2016Q4,73,0.095890411,7,73,1,7,all
all,2017Q1,73,0.04109589,3,73,1,3,all
all,2017Q2,98,0.010204082,1,98,1,1,all
all,2017Q3,112,0.008928571,1,112,1,1,all
all,2017Q4,125,-0.04,-5,125,1,-5,all
all,2018Q1,94,0.074468085,7,94,1,7,all
all,2018Q2,130,-0.046153846,-6,130,1,-6,all
all,2018Q3,126,0.071428571,9,126,1,9,all
all,2018Q4,143,-0.006993007,-1,143,1,-1,all
all,2019Q1,140,-0.028571429,-4,140,1,-4,all
all,2019Q2,154,-0.019480519,-3,154,1,-3,all
all,2019Q3,157,0.089171975,14,157,1,14,all
all,2019Q4,172,-0.081395349,-14,172,1,-14,all
all,2020Q1,213,-0.262910798,-56,213,1,-56,all
all,2020Q2,190,-0.457894737,-87,190,1,-87,all
all,2020Q3,144,-0.145833333,-21,144,1,-21,all
all,2020Q4,180,-0.061111111,-11,180,1,-11,all
all,2021Q1,215,0.027906977,6,215,1,6,all
all,2021Q2,193,0.03626943,7,193,1,7,all
all,2021Q3,216,0.083333333,18,216,1,18,all
all,2021Q4,164,0.103658537,17,164,1,17,all
all,2022Q1,150,0.093333333,14,150,1,14,all
all,2022Q2,131,0.053435115,7,131,1,7,all
all,2022Q3,103,0.029126214,3,103,1,3,all
all,2022Q4,153,0.071895425,11,153,1,11,all
all,2023Q1,151,0.066225166,10,151,1,10,all
all,2023Q2,212,0.103773585,22,212,1,22,all
all,2023Q3,137,-0.00729927,-1,137,1,-1,all
all,2023Q4,130,0.130769231,17,130,1,17,all
all,2024Q1,128,0.109375,14,128,1,14,all
all,2024Q2,102,0.058823529,6,102,1,6,all
all,2024Q3,163,0.36809816,60,163,1,60,all
all,2024Q4,146,0.061643836,9,146,1,9,all
all,2025Q1,9,0.777777778,7,9,1,7,all
demand_side,2011Q1,2,0.5,1,39,0.051282051,0.051282051,dictionary
demand_side,2011Q2,1,0,0,35,0.028571429,0,dictionary
demand_side,2012Q1,1,-1,-1,48,0.020833333,-0.020833333,dictionary
demand_side,2012Q2,4,-1.5,-6,35,0.114285714,-0.685714286,dictionary
demand_side,2012Q3,3,0,0,54,0.055555556,0,dictionary
demand_side,2012Q4,1,0,0,45,0.022222222,0,dictionary
demand_side,2013Q1,1,0,0,68,0.014705882,0,dictionary
demand_side,2013Q2,7,-0.428571429,-3,47,0.14893617,-0.446808511,dictionary
demand_side,2013Q3,2,0,0,55,0.036363636,0,dictionary
demand_side,2013Q4,2,0,0,41,0.048780488,0,dictionary
demand_side,2014Q4,1,-1,-1,81,0.012345679,-0.012345679,dictionary
demand_side,2015Q1,4,-0.25,-1,73,0.054794521,-0.054794521,dictionary
demand_side,2015Q2,1,0,0,59,0.016949153,0,dictionary
demand_side,2015Q3,3,0,0,95,0.031578947,0,dictionary
demand_side,2015Q4,4,-0.25,-1,74,0.054054054,-0.054054054,dictionary
demand_side,2016Q1,2,0,0,88,0.022727273,0,dictionary
demand_side,2016Q2,7,0,0,90,0.077777778,0,dictionary
demand_side,2016Q3,7,-0.142857143,-1,88,0.079545455,-0.079545455,dictionary
demand_side,2016Q4,2,0,0,73,0.02739726,0,dictionary
demand_side,2017Q1,4,0,0,73,0.054794521,0,dictionary
demand_side,2017Q2,4,0,0,98,0.040816327,0,dictionary
demand_side,2017Q3,7,-0.142857143,-1,112,0.0625,-0.0625,dictionary
demand_side,2017Q4,4,0,0,125,0.032,0,dictionary
demand_side,2018Q1,4,0,0,94,0.042553191,0,dictionary
demand_side,2018Q2,10,0.1,1,130,0.076923077,0.076923077,dictionary
demand_side,2018Q3,6,0.333333333,2,126,0.047619048,0.095238095,dictionary
demand_side,2018Q4,14,0,0,143,0.097902098,0,dictionary
demand_side,2019Q1,6,-0.166666667,-1,140,0.042857143,-0.042857143,dictionary
demand_side,2019Q2,5,0,0,154,0.032467532,0,dictionary
demand_side,2019Q3,11,0,0,157,0.070063694,0,dictionary
demand_side,2019Q4,8,-0.25,-2,172,0.046511628,-0.093023256,dictionary
demand_side,2020Q1,14,-0.142857143,-2,213,0.0657277,-0.131455399,dictionary
demand_side,2020Q2,13,-0.846153846,-11,190,0.068421053,-0.752631579,dictionary
demand_side,2020Q3,7,0,0,144,0.048611111,0,dictionary
demand_side,2020Q4,7,0.285714286,2,180,0.038888889,0.077777778,dictionary
demand_side,2021Q1,18,0.166666667,3,215,0.08372093,0.251162791,dictionary
demand_side,2021Q2,12,-0.166666667,-2,193,0.062176166,-0.124352332,dictionary
demand_side,2021Q3,20,0.25,5,216,0.092592593,0.462962963,dictionary
demand_side,2021Q4,8,0.125,1,164,0.048780488,0.048780488,dictionary
demand_side,2022Q1,10,-0.4,-4,150,0.066666667,-0.266666667,dictionary
demand_side,2022Q2,7,0.285714286,2,131,0.053435115,0.106870229,dictionary
demand_side,2022Q3,14,-0.214285714,-3,103,0.13592233,-0.40776699,dictionary
demand_side,2022Q4,14,0,0,153,0.091503268,0,dictionary
demand_side,2023Q1,9,0,0,151,0.059602649,0,dictionary
demand_side,2023Q2,11,0.272727273,3,212,0.051886792,0.155660377,dictionary
demand_side,2023Q3,6,0.5,3,137,0.04379562,0.131386861,dictionary
demand_side,2023Q4,11,0,0,130,0.084615385,0,dictionary
demand_side,2024Q1,5,0.2,1,128,0.0390625,0.0390625,dictionary
demand_side,2024Q2,6,-0.166666667,-1,102,0.058823529,-0.058823529,dictionary
demand_side,2024Q3,8,0.375,3,163,0.049079755,0.147239264,dictionary
demand_side,2024Q4,8,0,0,146,0.054794521,0,dictionary
esg_regulation,2011Q1,3,0,0,39,0.076923077,0,dictionary
esg_regulation,2011Q3,1,0,0,28,0.035714286,0,dictionary
esg_regulation,2011Q4,1,0,0,38,0.026315789,0,dictionary
esg_regulation,2012Q2,1,0,0,35,0.028571429,0,dictionary
esg_regulation,2013Q1,1,0,0,68,0.014705882,0,dictionary
esg_regulation,2013Q2,1,0,0,47,0.021276596,0,dictionary
esg_regulation,2014Q2,2,0,0,38,0.052631579,0,dictionary
esg_regulation,2015Q2,1,0,0,59,0.016949153,0,dictionary
esg_regulation,2015Q3,1,0,0,95,0.010526316,0,dictionary
esg_regulation,2015Q4,1,0,0,74,0.013513514,0,dictionary
esg_regulation,2016Q1,1,0,0,88,0.011363636,0,dictionary
esg_regulation,2016Q2,2,0,0,90,0.022222222,0,dictionary
esg_regulation,2016Q3,2,0,0,88,0.022727273,0,dictionary
esg_regulation,2016Q4,1,0,0,73,0.01369863,0,dictionary
esg_regulation,2017Q1,2,0,0,73,0.02739726,0,dictionary
esg_regulation,2017Q2,1,0,0,98,0.010204082,0,dictionary
esg_regulation,2017Q3,1,0,0,112,0.008928571,0,dictionary
esg_regulation,2017Q4,2,0,0,125,0.016,0,dictionary
esg_regulation,2018Q1,3,0,0,94,0.031914894,0,dictionary
esg_regulation,2018Q2,3,-0.333333333,-1,130,0.023076923,-0.023076923,dictionary
esg_regulation,2018Q3,3,0,0,126,0.023809524,0,dictionary
esg_regulation,2018Q4,5,0,0,143,0.034965035,0,dictionary
esg_regulation,2019Q1,2,0,0,140,0.014285714,0,dictionary
esg_regulation,2019Q2,5,0.2,1,154,0.032467532,0.032467532,dictionary
esg_regulation,2019Q3,3,0,0,157,0.01910828,0,dictionary
esg_regulation,2019Q4,4,0,0,172,0.023255814,0,dictionary
esg_regulation,2020Q1,4,-0.25,-1,213,0.018779343,-0.018779343,dictionary
esg_regulation,2020Q2,2,0,0,190,0.010526316,0,dictionary
esg_regulation,2020Q3,3,0,0,144,0.020833333,0,dictionary
esg_regulation,2020Q4,6,0.666666667,4,180,0.033333333,0.133333333,dictionary
esg_regulation,2021Q1,4,-0.5,-2,215,0.018604651,-0.037209302,dictionary
esg_regulation,2021Q2,3,0.333333333,1,193,0.015544041,0.015544041,dictionary
esg_regulation,2021Q3,6,-0.333333333,-2,216,0.027777778,-0.055555556,dictionary
esg_regulation,2021Q4,8,-0.125,-1,164,0.048780488,-0.048780488,dictionary
esg_regulation,2022Q1,2,0.5,1,150,0.013333333,0.013333333,dictionary
esg_regulation,2022Q2,5,-0.2,-1,131,0.038167939,-0.038167939,dictionary
esg_regulation,2022Q3,8,0,0,103,0.077669903,0,dictionary
esg_regulation,2022Q4,6,0.166666667,1,153,0.039215686,0.039215686,dictionary
esg_regulation,2023Q2,6,0,0,212,0.028301887,0,dictionary
esg_regulation,2023Q3,4,-0.25,-1,137,0.02919708,-0.02919708,dictionary
esg_regulation,2023Q4,3,-0.333333333,-1,130,0.023076923,-0.023076923,dictionary
esg_regulation,2024Q1,2,0,0,128,0.015625,0,dictionary
esg_regulation,2024Q2,5,0,0,102,0.049019608,0,dictionary
esg_regulation,2024Q3,4,0.75,3,163,0.024539877,0.073619632,dictionary
esg_regulation,2024Q4,3,0,0,146,0.020547945,0,dictionary
esg_regulation,2025Q1,1,1,1,9,0.111111111,0.111111111,dictionary
financial_risk,2011Q1,4,0.5,2,39,0.102564103,0.205128205,dictionary
financial_risk,2011Q2,8,0.375,3,35,0.228571429,0.685714286,dictionary
financial_risk,2011Q3,5,0.4,2,28,0.178571429,0.357142857,dictionary
financial_risk,2011Q4,9,0.111111111,1,38,0.236842105,0.236842105,dictionary
financial_risk,2012Q1,5,0,0,48,0.104166667,0,dictionary
financial_risk,2012Q2,8,0.125,1,35,0.228571429,0.228571429,dictionary
financial_risk,2012Q3,10,-0.2,-2,54,0.185185185,-0.37037037,dictionary
financial_risk,2012Q4,7,0,0,45,0.155555556,0,dictionary
financial_risk,2013Q1,14,-0.357142857,-5,68,0.205882353,-1.029411765,dictionary
financial_risk,2013Q2,10,0.3,3,47,0.212765957,0.638297872,dictionary
financial_risk,2013Q3,9,0.111111111,1,55,0.163636364,0.163636364,dictionary
financial_risk,2013Q4,4,0,0,41,0.097560976,0,dictionary
financial_risk,2014Q1,5,0,0,29,0.172413793,0,dictionary
financial_risk,2014Q2,2,-0.5,-1,38,0.052631579,-0.052631579,dictionary
financial_risk,2014Q3,6,0,0,39,0.153846154,0,dictionary
financial_risk,2014Q4,7,-0.428571429,-3,81,0.086419753,-0.259259259,dictionary
financial_risk,2015Q1,18,-0.555555556,-10,73,0.246575342,-2.465753425,dictionary
financial_risk,2015Q2,5,0.2,1,59,0.084745763,0.084745763,dictionary
financial_risk,2015Q3,9,-0.222222222,-2,95,0.094736842,-0.189473684,dictionary
financial_risk,2015Q4,12,-0.166666667,-2,74,0.162162162,-0.324324324,dictionary
financial_risk,2016Q1,21,-0.523809524,-11,88,0.238636364,-2.625,dictionary
financial_risk,2016Q2,16,-0.25,-4,90,0.177777778,-0.711111111,dictionary
financial_risk,2016Q3,14,0,0,88,0.159090909,0,dictionary
financial_risk,2016Q4,9,0,0,73,0.123287671,0,dictionary
financial_risk,2017Q1,10,-0.1,-1,73,0.136986301,-0.136986301,dictionary
financial_risk,2017Q2,12,0.083333333,1,98,0.12244898,0.12244898,dictionary
financial_risk,2017Q3,21,-0.095238095,-2,112,0.1875,-0.375,dictionary
financial_risk,2017Q4,24,0.083333333,2,125,0.192,0.384,dictionary
financial_risk,2018Q1,18,0.111111111,2,94,0.191489362,0.382978723,dictionary
financial_risk,2018Q2,17,-0.176470588,-3,130,0.130769231,-0.392307692,dictionary
financial_risk,2018Q3,18,-0.055555556,-1,126,0.142857143,-0.142857143,dictionary
financial_risk,2018Q4,19,-0.157894737,-3,143,0.132867133,-0.398601399,dictionary
financial_risk,2019Q1,25,0.2,5,140,0.178571429,0.892857143,dictionary
financial_risk,2019Q2,22,-0.045454545,-1,154,0.142857143,-0.142857143,dictionary
financial_risk,2019Q3,28,0.392857143,11,157,0.178343949,1.961783439,dictionary
financial_risk,2019Q4,21,-0.047619048,-1,172,0.122093023,-0.122093023,dictionary
financial_risk,2020Q1,31,-0.258064516,-8,213,0.145539906,-1.164319249,dictionary
financial_risk,2020Q2,39,-0.58974359,-23,190,0.205263158,-4.721052632,dictionary
financial_risk,2020Q3,17,-0.411764706,-7,144,0.118055556,-0.826388889,dictionary
financial_risk,2020Q4,19,-0.263157895,-5,180,0.105555556,-0.527777778,dictionary
financial_risk,2021Q1,24,0,0,215,0.111627907,0,dictionary
financial_risk,2021Q2,19,0.105263158,2,193,0.098445596,0.196891192,dictionary
financial_risk,2021Q3,26,0.153846154,4,216,0.12037037,0.481481481,dictionary
financial_risk,2021Q4,13,0.076923077,1,164,0.079268293,0.079268293,dictionary
financial_risk,2022Q1,18,0.222222222,4,150,0.12,0.48,dictionary
financial_risk,2022Q2,25,0.08,2,131,0.190839695,0.381679389,dictionary
financial_risk,2022Q3,10,0.2,2,103,0.097087379,0.194174757,dictionary
financial_risk,2022Q4,21,0.285714286,6,153,0.137254902,0.823529412,dictionary
financial_risk,2023Q1,26,-0.269230769,-7,151,0.17218543,-1.205298013,dictionary
financial_risk,2023Q2,33,0.060606061,2,212,0.155660377,0.311320755,dictionary
financial_risk,2023Q3,27,0.037037037,1,137,0.197080292,0.197080292,dictionary
financial_risk,2023Q4,17,0.176470588,3,130,0.130769231,0.392307692,dictionary
financial_risk,2024Q1,22,0.181818182,4,128,0.171875,0.6875,dictionary
financial_risk,2024Q2,17,0.294117647,5,102,0.166666667,0.833333333,dictionary
financial_risk,2024Q3,50,0.64,32,163,0.306748466,9.81595092,dictionary
financial_risk,2024Q4,40,0.175,7,146,0.273972603,1.917808219,dictionary
financial_risk,2025Q1,2,1.5,3,9,0.222222222,0.666666667,dictionary
geopolitical_risk,2011Q3,1,1,1,28,0.035714286,0.035714286,dictionary
geopolitical_risk,2012Q1,2,0,0,48,0.041666667,0,dictionary
geopolitical_risk,2012Q3,1,-1,-1,54,0.018518519,-0.018518519,dictionary
geopolitical_risk,2012Q4,1,0,0,45,0.022222222,0,dictionary
geopolitical_risk,2013Q3,1,0,0,55,0.018181818,0,dictionary
geopolitical_risk,2014Q4,1,0,0,81,0.012345679,0,dictionary
geopolitical_risk,2015Q1,2,-1,-2,73,0.02739726,-0.054794521,dictionary
geopolitical_risk,2015Q2,2,0.5,1,59,0.033898305,0.033898305,dictionary
geopolitical_risk,2015Q3,4,-0.25,-1,95,0.042105263,-0.042105263,dictionary
geopolitical_risk,2015Q4,1,0,0,74,0.013513514,0,dictionary
geopolitical_risk,2016Q1,2,0,0,88,0.022727273,0,dictionary
geopolitical_risk,2016Q2,1,0,0,90,0.011111111,0,dictionary
geopolitical_risk,2017Q3,6,-0.166666667,-1,112,0.053571429,-0.053571429,dictionary
geopolitical_risk,2017Q4,2,-0.5,-1,125,0.016,-0.016,dictionary
geopolitical_risk,2018Q1,1,1,1,94,0.010638298,0.010638298,dictionary
geopolitical_risk,2018Q2,4,0.5,2,130,0.030769231,0.061538462,dictionary
geopolitical_risk,2018Q3,4,0.75,3,126,0.031746032,0.095238095,dictionary
geopolitical_risk,2018Q4,3,0,0,143,0.020979021,0,dictionary
geopolitical_risk,2019Q1,4,-0.25,-1,140,0.028571429,-0.028571429,dictionary
geopolitical_risk,2019Q2,6,-0.333333333,-2,154,0.038961039,-0.077922078,dictionary
geopolitical_risk,2019Q3,6,0,0,157,0.038216561,0,dictionary
geopolitical_risk,2019Q4,12,-0.583333333,-7,172,0.069767442,-0.488372093,dictionary
geopolitical_risk,2020Q1,10,-0.4,-4,213,0.046948357,-0.187793427,dictionary
geopolitical_risk,2020Q2,6,-0.166666667,-1,190,0.031578947,-0.031578947,dictionary
geopolitical_risk,2020Q3,5,-0.2,-1,144,0.034722222,-0.034722222,dictionary
geopolitical_risk,2020Q4,4,0,0,180,0.022222222,0,dictionary
geopolitical_risk,2021Q1,3,0,0,215,0.013953488,0,dictionary
geopolitical_risk,2021Q2,5,-0.2,-1,193,0.025906736,-0.025906736,dictionary
geopolitical_risk,2021Q3,7,0.142857143,1,216,0.032407407,0.032407407,dictionary
geopolitical_risk,2021Q4,2,1,2,164,0.012195122,0.024390244,dictionary
geopolitical_risk,2022Q1,8,-0.625,-5,150,0.053333333,-0.266666667,dictionary
geopolitical_risk,2022Q2,4,0,0,131,0.030534351,0,dictionary
geopolitical_risk,2022Q3,2,0,0,103,0.019417476,0,dictionary
geopolitical_risk,2022Q4,6,0,0,153,0.039215686,0,dictionary
geopolitical_risk,2023Q1,3,0,0,151,0.01986755,0,dictionary
geopolitical_risk,2023Q2,8,-0.375,-3,212,0.037735849,-0.113207547,dictionary
geopolitical_risk,2023Q3,2,-0.5,-1,137,0.01459854,-0.01459854,dictionary
geopolitical_risk,2023Q4,5,0.2,1,130,0.038461538,0.038461538,dictionary
geopolitical_risk,2024Q1,3,0,0,128,0.0234375,0,dictionary
geopolitical_risk,2024Q2,4,-0.25,-1,102,0.039215686,-0.039215686,dictionary
geopolitical_risk,2024Q3,2,0.5,1,163,0.012269939,0.012269939,dictionary
geopolitical_risk,2024Q4,1,1,1,146,0.006849315,0.006849315,dictionary
geopolitical_risk,2025Q1,1,-1,-1,9,0.111111111,-0.111111111,dictionary
natural_factor,2011Q1,22,0.045454545,1,39,0.564102564,0.564102564,dictionary
natural_factor,2011Q2,18,0.222222222,4,35,0.514285714,2.057142857,dictionary
natural_factor,2011Q3,16,0.125,2,28,0.571428571,1.142857143,dictionary
natural_factor,2011Q4,23,-0.086956522,-2,38,0.605263158,-1.210526316,dictionary
natural_factor,2012Q1,17,0.117647059,2,48,0.354166667,0.708333333,dictionary
natural_factor,2012Q2,14,0,0,35,0.4,0,dictionary
natural_factor,2012Q3,27,0,0,54,0.5,0,dictionary
natural_factor,2012Q4,26,-0.038461538,-1,45,0.577777778,-0.577777778,dictionary
natural_factor,2013Q1,35,-0.371428571,-13,68,0.514705882,-6.691176471,dictionary
natural_factor,2013Q2,22,0,0,47,0.468085106,0,dictionary
natural_factor,2013Q3,33,-0.060606061,-2,55,0.6,-1.2,dictionary
natural_factor,2013Q4,23,0.086956522,2,41,0.56097561,1.12195122,dictionary
natural_factor,2014Q1,21,-0.095238095,-2,29,0.724137931,-1.448275862,dictionary
natural_factor,2014Q2,23,-0.086956522,-2,38,0.605263158,-1.210526316,dictionary
natural_factor,2014Q3,20,-0.05,-1,39,0.512820513,-0.512820513,dictionary
natural_factor,2014Q4,54,0.037037037,2,81,0.666666667,1.333333333,dictionary
natural_factor,2015Q1,35,-0.142857143,-5,73,0.479452055,-2.397260274,dictionary
natural_factor,2015Q2,39,0.051282051,2,59,0.661016949,1.322033898,dictionary
natural_factor,2015Q3,53,-0.245283019,-13,95,0.557894737,-7.252631579,dictionary
natural_factor,2015Q4,45,-0.266666667,-12,74,0.608108108,-7.297297297,dictionary
natural_factor,2016Q1,43,-0.11627907,-5,88,0.488636364,-2.443181818,dictionary
natural_factor,2016Q2,51,-0.078431373,-4,90,0.566666667,-2.266666667,dictionary
natural_factor,2016Q3,53,0.075471698,4,88,0.602272727,2.409090909,dictionary
natural_factor,2016Q4,41,0.12195122,5,73,0.561643836,2.808219178,dictionary
natural_factor,2017Q1,42,-0.071428571,-3,73,0.575342466,-1.726027397,dictionary
natural_factor,2017Q2,59,0.033898305,2,98,0.602040816,1.204081633,dictionary
natural_factor,2017Q3,61,0,0,112,0.544642857,0,dictionary
natural_factor,2017Q4,66,-0.015151515,-1,125,0.528,-0.528,dictionary
natural_factor,2018Q1,51,0,0,94,0.542553191,0,dictionary
natural_factor,2018Q2,70,0,0,130,0.538461538,0,dictionary
natural_factor,2018Q3,78,0,0,126,0.619047619,0,dictionary
natural_factor,2018Q4,89,0.056179775,5,143,0.622377622,3.111888112,dictionary
natural_factor,2019Q1,80,0,0,140,0.571428571,0,dictionary
natural_factor,2019Q2,90,-0.011111111,-1,154,0.584415584,-0.584415584,dictionary
natural_factor,2019Q3,83,0.036144578,3,157,0.52866242,1.585987261,dictionary
natural_factor,2019Q4,101,-0.02970297,-3,172,0.587209302,-1.761627907,dictionary
natural_factor,2020Q1,98,-0.081632653,-8,213,0.460093897,-3.680751174,dictionary
natural_factor,2020Q2,89,-0.235955056,-21,190,0.468421053,-9.836842105,dictionary
natural_factor,2020Q3,87,-0.068965517,-6,144,0.604166667,-3.625,dictionary
natural_factor,2020Q4,105,-0.114285714,-12,180,0.583333333,-7,dictionary
natural_factor,2021Q1,128,0.0234375,3,215,0.595348837,1.786046512,dictionary
natural_factor,2021Q2,132,0.022727273,3,193,0.683937824,2.051813472,dictionary
natural_factor,2021Q3,130,0.076923077,10,216,0.601851852,6.018518519,dictionary
natural_factor,2021Q4,110,0.090909091,10,164,0.670731707,6.707317073,dictionary
natural_factor,2022Q1,80,0.075,6,150,0.533333333,3.2,dictionary
natural_factor,2022Q2,63,0.031746032,2,131,0.480916031,0.961832061,dictionary
natural_factor,2022Q3,57,0,0,103,0.553398058,0,dictionary
natural_factor,2022Q4,77,-0.012987013,-1,153,0.503267974,-0.503267974,dictionary
natural_factor,2023Q1,83,0.024096386,2,151,0.549668874,1.099337748,dictionary
natural_factor,2023Q2,121,0.090909091,11,212,0.570754717,6.278301887,dictionary
natural_factor,2023Q3,84,-0.011904762,-1,137,0.613138686,-0.613138686,dictionary
natural_factor,2023Q4,83,0.060240964,5,130,0.638461538,3.192307692,dictionary
natural_factor,2024Q1,71,0.070422535,5,128,0.5546875,2.7734375,dictionary
natural_factor,2024Q2,56,0.017857143,1,102,0.549019608,0.549019608,dictionary
natural_factor,2024Q3,67,0.044776119,3,163,0.411042945,1.233128834,dictionary
natural_factor,2024Q4,64,-0.046875,-3,146,0.438356164,-1.315068493,dictionary
natural_factor,2025Q1,3,0.666666667,2,9,0.333333333,0.666666667,dictionary
supply_side,2011Q1,8,-0.25,-2,39,0.205128205,-0.41025641,dictionary
supply_side,2011Q2,8,0,0,35,0.228571429,0,dictionary
supply_side,2011Q3,5,0.4,2,28,0.178571429,0.357142857,dictionary
supply_side,2011Q4,5,-0.4,-2,38,0.131578947,-0.263157895,dictionary
supply_side,2012Q1,23,-0.347826087,-8,48,0.479166667,-3.833333333,dictionary
supply_side,2012Q2,8,-0.25,-2,35,0.228571429,-0.457142857,dictionary
supply_side,2012Q3,13,0,0,54,0.240740741,0,dictionary
supply_side,2012Q4,10,-0.3,-3,45,0.222222222,-0.666666667,dictionary
supply_side,2013Q1,17,-0.117647059,-2,68,0.25,-0.5,dictionary
supply_side,2013Q2,7,-0.142857143,-1,47,0.14893617,-0.14893617,dictionary
supply_side,2013Q3,10,-0.4,-4,55,0.181818182,-0.727272727,dictionary
supply_side,2013Q4,12,0.083333333,1,41,0.292682927,0.292682927,dictionary
supply_side,2014Q1,3,0.666666667,2,29,0.103448276,0.206896552,dictionary
supply_side,2014Q2,11,0.181818182,2,38,0.289473684,0.578947368,dictionary
supply_side,2014Q3,13,0,0,39,0.333333333,0,dictionary
supply_side,2014Q4,18,-0.333333333,-6,81,0.222222222,-1.333333333,dictionary
supply_side,2015Q1,14,-0.285714286,-4,73,0.191780822,-0.767123288,dictionary
supply_side,2015Q2,11,0,0,59,0.186440678,0,dictionary
supply_side,2015Q3,25,-0.28,-7,95,0.263157895,-1.842105263,dictionary
supply_side,2015Q4,11,-0.272727273,-3,74,0.148648649,-0.445945946,dictionary
supply_side,2016Q1,19,-0.263157895,-5,88,0.215909091,-1.079545455,dictionary
supply_side,2016Q2,13,-0.846153846,-11,90,0.144444444,-1.588888889,dictionary
supply_side,2016Q3,12,-0.333333333,-4,88,0.136363636,-0.545454545,dictionary
supply_side,2016Q4,20,0.1,2,73,0.273972603,0.547945205,dictionary
supply_side,2017Q1,15,0.466666667,7,73,0.205479452,1.438356164,dictionary
supply_side,2017Q2,22,-0.090909091,-2,98,0.224489796,-0.448979592,dictionary
supply_side,2017Q3,16,0.3125,5,112,0.142857143,0.714285714,dictionary
supply_side,2017Q4,27,-0.185185185,-5,125,0.216,-1.08,dictionary
supply_side,2018Q1,17,0.235294118,4,94,0.180851064,0.723404255,dictionary
supply_side,2018Q2,26,-0.192307692,-5,130,0.2,-1,dictionary
supply_side,2018Q3,17,0.294117647,5,126,0.134920635,0.674603175,dictionary
supply_side,2018Q4,13,-0.230769231,-3,143,0.090909091,-0.272727273,dictionary
supply_side,2019Q1,23,-0.304347826,-7,140,0.164285714,-1.15,dictionary
supply_side,2019Q2,26,0,0,154,0.168831169,0,dictionary
supply_side,2019Q3,26,0,0,157,0.165605096,0,dictionary
supply_side,2019Q4,26,-0.038461538,-1,172,0.151162791,-0.151162791,dictionary
supply_side,2020Q1,56,-0.589285714,-33,213,0.262910798,-8.676056338,dictionary
supply_side,2020Q2,41,-0.756097561,-31,190,0.215789474,-6.689473684,dictionary
supply_side,2020Q3,25,-0.28,-7,144,0.173611111,-1.215277778,dictionary
supply_side,2020Q4,39,0,0,180,0.216666667,0,dictionary
supply_side,2021Q1,38,0.052631579,2,215,0.176744186,0.353488372,dictionary
supply_side,2021Q2,22,0.181818182,4,193,0.113989637,0.455958549,dictionary
supply_side,2021Q3,27,0,0,216,0.125,0,dictionary
supply_side,2021Q4,23,0.173913043,4,164,0.140243902,0.56097561,dictionary
supply_side,2022Q1,32,0.375,12,150,0.213333333,2.56,dictionary
supply_side,2022Q2,27,0.074074074,2,131,0.20610687,0.41221374,dictionary
supply_side,2022Q3,12,0.333333333,4,103,0.116504854,0.466019417,dictionary
supply_side,2022Q4,29,0.172413793,5,153,0.189542484,0.947712418,dictionary
supply_side,2023Q1,30,0.5,15,151,0.198675497,2.98013245,dictionary
supply_side,2023Q2,33,0.272727273,9,212,0.155660377,1.400943396,dictionary
supply_side,2023Q3,14,-0.142857143,-2,137,0.102189781,-0.204379562,dictionary
supply_side,2023Q4,11,0.818181818,9,130,0.084615385,0.761538462,dictionary
supply_side,2024Q1,25,0.16,4,128,0.1953125,0.78125,dictionary
supply_side,2024Q2,14,0.142857143,2,102,0.137254902,0.274509804,dictionary
supply_side,2024Q3,32,0.5625,18,163,0.196319018,3.533742331,dictionary
supply_side,2024Q4,30,0.133333333,4,146,0.205479452,0.821917808,dictionary
supply_side,2025Q1,2,1,2,9,0.222222222,0.444444444,dictionary
0,2011Q1,11,0.090909091,1,39,0.282051282,0.282051282,lda
0,2011Q2,8,0.125,1,35,0.228571429,0.228571429,lda
0,2011Q3,9,0.111111111,1,28,0.321428571,0.321428571,lda
0,2011Q4,9,0.111111111,1,38,0.236842105,0.236842105,lda
0,2012Q1,7,0.285714286,2,48,0.145833333,0.291666667,lda
0,2012Q2,3,-0.333333333,-1,35,0.085714286,-0.085714286,lda
0,2012Q3,13,0.153846154,2,54,0.240740741,0.481481481,lda
0,2012Q4,9,-0.222222222,-2,45,0.2,-0.4,lda
0,2013Q1,14,-0.285714286,-4,68,0.205882353,-0.823529412,lda
0,2013Q2,10,0.2,2,47,0.212765957,0.425531915,lda
0,2013Q3,17,-0.117647059,-2,55,0.309090909,-0.618181818,lda
0,2013Q4,10,-0.1,-1,41,0.243902439,-0.243902439,lda
0,2014Q1,10,-0.1,-1,29,0.344827586,-0.344827586,lda
0,2014Q2,8,-0.25,-2,38,0.210526316,-0.421052632,lda
0,2014Q3,7,0,0,39,0.179487179,0,lda
0,2014Q4,14,0,0,81,0.172839506,0,lda
0,2015Q1,13,-0.230769231,-3,73,0.178082192,-0.534246575,lda
0,2015Q2,18,0.055555556,1,59,0.305084746,0.305084746,lda
0,2015Q3,21,-0.238095238,-5,95,0.221052632,-1.105263158,lda
0,2015Q4,16,-0.125,-2,74,0.216216216,-0.432432432,lda
0,2016Q1,20,0.05,1,88,0.227272727,0.227272727,lda
0,2016Q2,20,0.05,1,90,0.222222222,0.222222222,lda
0,2016Q3,21,0.095238095,2,88,0.238636364,0.477272727,lda
0,2016Q4,10,0.1,1,73,0.136986301,0.136986301,lda
0,2017Q1,23,0.043478261,1,73,0.315068493,0.315068493,lda
0,2017Q2,26,0,0,98,0.265306122,0,lda
0,2017Q3,22,0.045454545,1,112,0.196428571,0.196428571,lda
0,2017Q4,27,-0.037037037,-1,125,0.216,-0.216,lda
0,2018Q1,19,0,0,94,0.20212766,0,lda
0,2018Q2,37,0.027027027,1,130,0.284615385,0.284615385,lda
0,2018Q3,35,-0.057142857,-2,126,0.277777778,-0.555555556,lda
0,2018Q4,37,-0.027027027,-1,143,0.258741259,-0.258741259,lda
0,2019Q1,26,0.076923077,2,140,0.185714286,0.371428571,lda
0,2019Q2,31,-0.096774194,-3,154,0.201298701,-0.603896104,lda
0,2019Q3,37,0.027027027,1,157,0.23566879,0.23566879,lda
0,2019Q4,43,0.11627907,5,172,0.25,1.25,lda
0,2020Q1,76,-0.092105263,-7,213,0.356807512,-2.497652582,lda
0,2020Q2,64,-0.1875,-12,190,0.336842105,-4.042105263,lda
0,2020Q3,66,-0.03030303,-2,144,0.458333333,-0.916666667,lda
0,2020Q4,73,-0.04109589,-3,180,0.405555556,-1.216666667,lda
0,2021Q1,89,-0.011235955,-1,215,0.413953488,-0.413953488,lda
0,2021Q2,101,-0.04950495,-5,193,0.523316062,-2.616580311,lda
0,2021Q3,73,0,0,216,0.337962963,0,lda
0,2021Q4,76,-0.013157895,-1,164,0.463414634,-0.463414634,lda
0,2022Q1,52,0.076923077,4,150,0.346666667,1.386666667,lda
0,2022Q2,53,0,0,131,0.404580153,0,lda
0,2022Q3,55,-0.072727273,-4,103,0.533980583,-2.13592233,lda
0,2022Q4,82,0.085365854,7,153,0.535947712,3.751633987,lda
0,2023Q1,72,0,0,151,0.476821192,0,lda
0,2023Q2,82,0.12195122,10,212,0.386792453,3.867924528,lda
0,2023Q3,53,0,0,137,0.386861314,0,lda
0,2023Q4,34,0.029411765,1,130,0.261538462,0.261538462,lda
0,2024Q1,42,0.095238095,4,128,0.328125,1.3125,lda
0,2024Q2,32,0.125,4,102,0.31372549,1.254901961,lda
0,2024Q3,35,0.342857143,12,163,0.214723926,2.576687117,lda
0,2024Q4,40,0.125,5,146,0.273972603,1.369863014,lda
0,2025Q1,4,1.25,5,9,0.444444444,2.222222222,lda
1,2014Q4,1,0,0,81,0.012345679,0,lda
1,2018Q3,2,0,0,126,0.015873016,0,lda
1,2019Q1,1,0,0,140,0.007142857,0,lda
1,2022Q1,2,0,0,150,0.013333333,0,lda
1,2022Q2,1,0,0,131,0.007633588,0,lda
2,2011Q1,13,-0.153846154,-2,39,0.333333333,-0.666666667,lda
2,2011Q2,13,-0.076923077,-1,35,0.371428571,-0.371428571,lda
2,2011Q3,10,-0.1,-1,28,0.357142857,-0.357142857,lda
2,2011Q4,19,-0.210526316,-4,38,0.5,-2,lda
2,2012Q1,35,-0.285714286,-10,48,0.729166667,-7.291666667,lda
2,2012Q2,15,-0.266666667,-4,35,0.428571429,-1.714285714,lda
2,2012Q3,25,-0.24,-6,54,0.462962963,-2.777777778,lda
2,2012Q4,23,-0.043478261,-1,45,0.511111111,-0.511111111,lda
2,2013Q1,39,-0.333333333,-13,68,0.573529412,-7.455882353,lda
2,2013Q2,24,-0.208333333,-5,47,0.510638298,-2.553191489,lda
2,2013Q3,20,-0.3,-6,55,0.363636364,-2.181818182,lda
2,2013Q4,17,-0.176470588,-3,41,0.414634146,-1.243902439,lda
2,2014Q1,11,-0.090909091,-1,29,0.379310345,-0.379310345,lda
2,2014Q2,19,-0.157894737,-3,38,0.5,-1.5,lda
2,2014Q3,21,-0.428571429,-9,39,0.538461538,-4.846153846,lda
2,2014Q4,38,-0.026315789,-1,81,0.469135802,-0.469135802,lda
2,2015Q1,31,-0.096774194,-3,73,0.424657534,-1.273972603,lda
2,2015Q2,30,0.133333333,4,59,0.508474576,2.033898305,lda
2,2015Q3,41,-0.243902439,-10,95,0.431578947,-4.315789474,lda
2,2015Q4,44,-0.204545455,-9,74,0.594594595,-5.351351351,lda
2,2016Q1,32,-0.25,-8,88,0.363636364,-2.909090909,lda
2,2016Q2,45,-0.222222222,-10,90,0.5,-5,lda
2,2016Q3,39,-0.128205128,-5,88,0.443181818,-2.215909091,lda
2,2016Q4,31,0.064516129,2,73,0.424657534,0.849315068,lda
2,2017Q1,24,-0.166666667,-4,73,0.328767123,-1.315068493,lda
2,2017Q2,34,0,0,98,0.346938776,0,lda
2,2017Q3,55,-0.036363636,-2,112,0.491071429,-0.982142857,lda
2,2017Q4,49,0.020408163,1,125,0.392,0.392,lda
2,2018Q1,37,-0.108108108,-4,94,0.393617021,-1.574468085,lda
2,2018Q2,49,-0.142857143,-7,130,0.376923077,-2.638461538,lda
2,2018Q3,40,0.05,2,126,0.317460317,0.634920635,lda
2,2018Q4,62,0.032258065,2,143,0.433566434,0.867132867,lda
2,2019Q1,57,-0.122807018,-7,140,0.407142857,-2.85,lda
2,2019Q2,64,-0.078125,-5,154,0.415584416,-2.077922078,lda
2,2019Q3,61,0.06557377,4,157,0.388535032,1.554140127,lda
2,2019Q4,72,-0.055555556,-4,172,0.418604651,-1.674418605,lda
2,2020Q1,59,-0.254237288,-15,213,0.276995305,-4.154929577,lda
2,2020Q2,42,-0.238095238,-10,190,0.221052632,-2.210526316,lda
2,2020Q3,41,-0.12195122,-5,144,0.284722222,-1.423611111,lda
2,2020Q4,53,-0.018867925,-1,180,0.294444444,-0.294444444,lda
2,2021Q1,58,-0.051724138,-3,215,0.269767442,-0.809302326,lda
2,2021Q2,57,0.122807018,7,193,0.295336788,2.067357513,lda
2,2021Q3,59,-0.06779661,-4,216,0.273148148,-1.092592593,lda
2,2021Q4,42,0.166666667,7,164,0.256097561,1.792682927,lda
2,2022Q1,45,0,0,150,0.3,0,lda
2,2022Q2,25,0,0,131,0.190839695,0,lda
2,2022Q3,24,-0.041666667,-1,103,0.233009709,-0.233009709,lda
2,2022Q4,33,0.060606061,2,153,0.215686275,0.431372549,lda
2,2023Q1,33,0,0,151,0.218543046,0,lda
2,2023Q2,68,0.029411765,2,212,0.320754717,0.641509434,lda
2,2023Q3,51,0.019607843,1,137,0.372262774,0.372262774,lda
2,2023Q4,54,0.166666667,9,130,0.415384615,3.738461538,lda
2,2024Q1,45,0.155555556,7,128,0.3515625,2.4609375,lda
2,2024Q2,29,-0.034482759,-1,102,0.284313725,-0.284313725,lda
2,2024Q3,30,0,0,163,0.18404908,0,lda
2,2024Q4,24,0.041666667,1,146,0.164383562,0.164383562,lda
2,2025Q1,1,-1,-1,9,0.111111111,-0.111111111,lda
3,2011Q1,14,0.214285714,3,39,0.358974359,1.076923077,lda
3,2011Q2,14,0.5,7,35,0.4,2.8,lda
3,2011Q3,9,0.777777778,7,28,0.321428571,2.25,lda
3,2011Q4,10,0,0,38,0.263157895,0,lda
3,2012Q1,5,0.2,1,48,0.104166667,0.104166667,lda
3,2012Q2,17,-0.117647059,-2,35,0.485714286,-0.971428571,lda
3,2012Q3,16,0.0625,1,54,0.296296296,0.296296296,lda
3,2012Q4,13,-0.076923077,-1,45,0.288888889,-0.288888889,lda
3,2013Q1,15,-0.2,-3,68,0.220588235,-0.661764706,lda
3,2013Q2,12,0.083333333,1,47,0.255319149,0.255319149,lda
3,2013Q3,18,0.166666667,3,55,0.327272727,0.981818182,lda
3,2013Q4,13,0.538461538,7,41,0.317073171,2.219512195,lda
3,2014Q1,7,0.142857143,1,29,0.24137931,0.24137931,lda
3,2014Q2,11,0.363636364,4,38,0.289473684,1.157894737,lda
3,2014Q3,11,0.727272727,8,39,0.282051282,2.256410256,lda
3,2014Q4,28,-0.25,-7,81,0.345679012,-2.419753086,lda
3,2015Q1,28,-0.571428571,-16,73,0.383561644,-6.136986301,lda
3,2015Q2,11,-0.090909091,-1,59,0.186440678,-0.186440678,lda
3,2015Q3,33,-0.242424242,-8,95,0.347368421,-2.778947368,lda
3,2015Q4,12,-0.583333333,-7,74,0.162162162,-1.135135135,lda
3,2016Q1,33,-0.424242424,-14,88,0.375,-5.25,lda
3,2016Q2,25,-0.4,-10,90,0.277777778,-2.777777778,lda
3,2016Q3,27,0.074074074,2,88,0.306818182,0.613636364,lda
3,2016Q4,31,0.129032258,4,73,0.424657534,1.698630137,lda
3,2017Q1,26,0.230769231,6,73,0.356164384,2.136986301,lda
3,2017Q2,36,0.027777778,1,98,0.367346939,0.367346939,lda
3,2017Q3,34,0.058823529,2,112,0.303571429,0.607142857,lda
3,2017Q4,48,-0.104166667,-5,125,0.384,-1.92,lda
3,2018Q1,37,0.297297297,11,94,0.393617021,4.329787234,lda
3,2018Q2,42,-0.023809524,-1,130,0.323076923,-0.323076923,lda
3,2018Q3,46,0.195652174,9,126,0.365079365,3.285714286,lda
3,2018Q4,40,-0.05,-2,143,0.27972028,-0.559440559,lda
3,2019Q1,53,0.018867925,1,140,0.378571429,0.378571429,lda
3,2019Q2,58,0.086206897,5,154,0.376623377,1.883116883,lda
3,2019Q3,52,0.134615385,7,157,0.331210191,2.318471338,lda
3,2019Q4,55,-0.272727273,-15,172,0.319767442,-4.796511628,lda
3,2020Q1,77,-0.441558442,-34,213,0.361502347,-12.29107981,lda
3,2020Q2,84,-0.773809524,-65,190,0.442105263,-28.73684211,lda
3,2020Q3,37,-0.378378378,-14,144,0.256944444,-3.597222222,lda
3,2020Q4,51,-0.176470588,-9,180,0.283333333,-2.55,lda
3,2021Q1,61,0.180327869,11,215,0.28372093,3.120930233,lda
3,2021Q2,32,0.15625,5,193,0.165803109,0.829015544,lda
3,2021Q3,83,0.265060241,22,216,0.384259259,8.453703704,lda
3,2021Q4,45,0.244444444,11,164,0.274390244,3.018292683,lda
3,2022Q1,44,0.227272727,10,150,0.293333333,2.933333333,lda
3,2022Q2,48,0.166666667,8,131,0.366412214,2.93129771,lda
3,2022Q3,20,0.25,5,103,0.194174757,0.970873786,lda
3,2022Q4,28,-0.035714286,-1,153,0.183006536,-0.183006536,lda
3,2023Q1,42,0.214285714,9,151,0.278145695,2.503311258,lda
3,2023Q2,57,0.192982456,11,212,0.268867925,2.95754717,lda
3,2023Q3,31,-0.064516129,-2,137,0.226277372,-0.452554745,lda
3,2023Q4,38,0.184210526,7,130,0.292307692,2.046153846,lda
3,2024Q1,37,0.081081081,3,128,0.2890625,0.8671875,lda
3,2024Q2,37,0.135135135,5,102,0.362745098,1.81372549,lda
3,2024Q3,96,0.5,48,163,0.588957055,28.26993865,lda
3,2024Q4,81,0.037037037,3,146,0.554794521,1.664383562,lda
3,2025Q1,4,0.75,3,9,0.444444444,1.333333333,lda
4,2011Q1,1,0,0,39,0.025641026,0,lda
4,2012Q1,1,0,0,48,0.020833333,0,lda
4,2013Q2,1,1,1,47,0.021276596,0.021276596,lda
4,2013Q4,1,0,0,41,0.024390244,0,lda
4,2014Q1,1,1,1,29,0.034482759,0.034482759,lda
4,2015Q1,1,0,0,73,0.01369863,0,lda
4,2015Q4,2,0,0,74,0.027027027,0,lda
4,2016Q1,3,0,0,88,0.034090909,0,lda
4,2016Q3,1,0,0,88,0.011363636,0,lda
4,2016Q4,1,0,0,73,0.01369863,0,lda
4,2017Q2,2,0,0,98,0.020408163,0,lda
4,2017Q3,1,0,0,112,0.008928571,0,lda
4,2017Q4,1,0,0,125,0.008,0,lda
4,2018Q1,1,0,0,94,0.010638298,0,lda
4,2018Q2,2,0.5,1,130,0.015384615,0.015384615,lda
4,2018Q3,3,0,0,126,0.023809524,0,lda
4,2018Q4,4,0,0,143,0.027972028,0,lda
4,2019Q1,3,0,0,140,0.021428571,0,lda
4,2019Q2,1,0,0,154,0.006493506,0,lda
4,2019Q3,7,0.285714286,2,157,0.044585987,0.089171975,lda
4,2019Q4,2,0,0,172,0.011627907,0,lda
4,2020Q1,1,0,0,213,0.004694836,0,lda
4,2020Q4,3,0.666666667,2,180,0.016666667,0.033333333,lda
4,2021Q1,7,-0.142857143,-1,215,0.03255814,-0.03255814,lda
4,2021Q2,3,0,0,193,0.015544041,0,lda
4,2021Q3,1,0,0,216,0.00462963,0,lda
4,2021Q4,1,0,0,164,0.006097561,0,lda
4,2022Q1,7,0,0,150,0.046666667,0,lda
4,2022Q2,4,-0.25,-1,131,0.030534351,-0.030534351,lda
4,2022Q3,4,0.75,3,103,0.038834951,0.116504854,lda
4,2022Q4,10,0.3,3,153,0.065359477,0.196078431,lda
4,2023Q1,4,0.25,1,151,0.026490066,0.026490066,lda
4,2023Q2,5,-0.2,-1,212,0.023584906,-0.023584906,lda
4,2023Q3,2,0,0,137,0.01459854,0,lda
4,2023Q4,4,0,0,130,0.030769231,0,lda
4,2024Q1,4,0,0,128,0.03125,0,lda
4,2024Q2,4,-0.5,-2,102,0.039215686,-0.078431373,lda
4,2024Q3,2,0,0,163,0.012269939,0,lda
4,2024Q4,1,0,0,146,0.006849315,0,lda
